country,provpcode,province,ctypcode,county,scpcode,Subcounty,dhis2_id,longitude,latitude,dist_to_busia_km,dist_to_malaba_km,dist_to_lwakhakha_km,dist_to_suam_km,dist_to_laikipia_airbase_km
Kenya,KEN_1_1,Coast,KEN_2_1,Mombasa,KEN_3_6,Mvita ,C1xuoa1NAMm,39.66311371776794,-4.053659225098107,795.4102427474432,793.9624186717955,797.3181121152245,802.6179410244713,542.7335649076439
Kenya,KEN_1_7,Nyanza,KEN_2_42,Kisumu,KEN_3_240,Kisumu Central,OpLt8IgyHop,34.75779525895055,-0.0942382146179272,94.8668728092745,97.34966920988411,107.64049174987008,146.16608832989624,252.57257506164984
Kenya,KEN_1_3,Eastern,KEN_2_15,Kitui,KEN_3_70,Kitui West ,cmWAJB5kCDW,37.90094785536114,-1.232590562074689,461.43282076509473,453.56055243020717,452.0409409291285,445.60872405675315,173.09591517965066
Kenya,KEN_1_6,Western,KEN_2_39,Bungoma,KEN_3_219,Bumula,jkQZEow83MX,34.45707732801645,0.5634168194048458,39.568055382222454,21.79856254966971,27.333482630304918,79.12324637638307,291.0359842710072
Kenya,KEN_1_7,Nyanza,KEN_2_42,Kisumu,KEN_3_244,Nyakach,kBQIjtWUBqj,34.92454456719359,-0.3284447039053141,126.17635064531883,129.30404851518648,139.0388333599358,173.51330713914956,237.33120252281677
Kenya,KEN_1_7,Nyanza,KEN_2_46,Nyamira,KEN_3_273,Borabu,ABuzigW8Lzw,35.02203525152226,-0.7150435208157244,165.64062234610049,171.67374439418518,182.6635017759361,217.58016254966273,238.5006775059653
Kenya,KEN_1_3,Eastern,KEN_2_17,Makueni,KEN_3_86,Makueni ,AIGIQpolMRn,37.71076667196178,-1.928866593794347,480.3956271699358,476.7147274992352,478.66709543079895,481.99393095727396,233.30511917985706
Kenya,KEN_1_1,Coast,KEN_2_3,Kilifi,KEN_3_15,Ganze,x7qUMtZZvo9,39.52647248775703,-3.461177421749522,743.2750453533807,740.4038096732867,742.6512743130721,744.9607022939094,479.66963571335157
Kenya,KEN_1_4,Central,KEN_2_19,Nyeri,,Kieni West,odOtfcaMg4p,36.77591021467927,-0.28597951163378,307.5096732904988,296.38379611938774,292.5408079897565,282.34487125927126,46.816209890057124
Kenya,KEN_1_3,Eastern,KEN_2_12,Meru,KEN_3_54,Tigania West,Q4xAPhWUnYC,37.70781065027688,0.2133495265909158,400.5179403026688,384.5834634485999,375.8916939361271,349.34946026707155,78.03249469300953
Kenya,KEN_1_2,North Eastern,KEN_2_8,Wajir,KEN_3_38,Wajir South,U7KFQn3Up3o,40.36021044590865,0.9851579638417488,696.8026255477206,677.6880995111817,665.4650836337692,626.3233517075349,385.0896008106182
Kenya,KEN_1_6,Western,KEN_2_40,Busia,KEN_3_227,Nambale,e1J7R103h8I,34.313014433311295,0.4832741739639264,22.130486521332415,17.511238686673806,35.5226692251122,94.20581847817044,305.24532225509705
Kenya,KEN_1_4,Central,KEN_2_18,Nyandarua,KEN_3_91,Olkalou,Lm9RMwhIu3G,36.33073266355586,-0.2786865171742834,259.96489927950427,250.19452176107413,247.86549952284275,243.70741450461568,85.53954489527251
Kenya,KEN_1_8,Nairobi,KEN_2_47,Nairobi,KEN_3_279,Roysambu ,j7GpbairCOi,36.88466290308144,-1.2056214876728568,359.75445060843964,355.15464267512084,356.7006208684328,360.6469607478451,140.91157392303276
Kenya,KEN_1_8,Nairobi,KEN_2_47,Nairobi,KEN_3_278,Kibra ,LO5he3DtiFG,36.78790288299162,-1.3059767461212133,356.6286601083892,353.1296419520399,355.59010860297775,362.1793932218617,153.48067588565783
Kenya,KEN_1_5,Rift Valley,KEN_2_30,Baringo,KEN_3_162,Koibatek,Yl9UDBnDvvW,35.713319500674814,0.0162628002054266,184.66894143804942,174.1496415072619,171.96219786286088,172.72840596930115,145.8455279987858
Kenya,KEN_1_6,Western,KEN_2_37,Kakamega,KEN_3_210,Ikolomani,BE6HMtlHyl1,34.70842079285266,0.1878367139634731,72.92299438000936,69.33276863100033,76.9807261946795,114.79975537312973,257.9547930854453
Kenya,KEN_1_7,Nyanza,KEN_2_43,Homa Bay,KEN_3_249,Homa Bay Town,Ur2xRBDtazT,34.48809109947332,-0.5913659686496683,124.73105377074732,138.52936801484088,154.76581520973178,203.22341996770905,291.00418629889214
Kenya,KEN_1_7,Nyanza,KEN_2_45,Kisii,KEN_3_261,Bonchari ,zCCIu1Vi3Wh,34.69054816914925,-0.6672689860317098,141.3879520361896,152.11545359025203,166.39364148360667,209.90388877680974,271.61443136999515
Kenya,KEN_1_5,Rift Valley,KEN_2_36,Bomet,KEN_3_195,Chepalungu,PUhMyfDD2xp,35.25386735308468,-0.8982841126579852,197.66396234049134,202.37640439538924,212.09903917327438,242.60038256104934,223.53217334498848
Kenya,KEN_1_1,Coast,KEN_2_3,Kilifi,KEN_3_14,Rabai,hJf4rt7cvI6,39.604401178715065,-3.90847177007306,780.2243493446979,778.5039306886443,781.6522480714984,786.4116158313121,525.6428570298499
Kenya,KEN_1_8,Nairobi,KEN_2_47,Nairobi,KEN_3_276,Dagoretti South,sqNWYDHZZ6W,36.71644049646568,-1.2857317416637335,348.7719860237698,345.480300656069,348.14066335559147,355.44911864014955,152.84497951482953
Kenya,KEN_1_6,Western,KEN_2_37,Kakamega,KEN_3_201,Malava,ES1CWa4AJmJ,34.834385114407254,0.448965325554541,80.04625957474958,65.58641746203426,63.774648044331514,86.49635948724294,247.44632616024225
Kenya,KEN_1_5,Rift Valley,KEN_2_23,Turkana,KEN_3_125,Turkana Central,zd8rhYqGowE,35.91377632535013,3.083590426919693,353.08008311917376,327.4602621498046,306.3176675153973,245.35781003230244,358.7875661138367
Kenya,KEN_1_6,Western,KEN_2_38,Vihiga,KEN_3_215,Emuhaya,Lpy789vqRC6,34.6152590721542,0.0854824380405634,69.94247854049517,71.97245308832332,83.31164918426758,126.81178704038958,267.9070650644882
Kenya,KEN_1_3,Eastern,KEN_2_15,Kitui,KEN_3_68,Mwingi West,svwbDnzhgik,37.96832543687783,-0.9785249638959406,457.6201948858884,448.19476207470365,445.3367678037573,435.0815512732532,155.5463383954611
Kenya,KEN_1_5,Rift Valley,KEN_2_31,Laikipia,KEN_3_164,Laikipia East,pF6qPMIlHte,36.90205096785818,-0.0186945216552568,314.59473889779247,301.04631864999385,294.93565789317194,277.8847383874583,15.819113646132056
Kenya,KEN_1_1,Coast,KEN_2_1,Mombasa,KEN_3_3,Kisauni ,C1hO6wNOgrH,39.68716497211038,-3.9730088442289015,791.8769677433505,790.1472454506401,793.2787777654411,797.9421815829027,536.6822253460466
Kenya,KEN_1_8,Nairobi,KEN_2_47,Nairobi,KEN_3_275,Dagoretti North,CcTr4bcVGAG,36.78030824598539,-1.2813816348618705,354.41884855357347,350.7934765431402,353.15970580383754,359.5272128280679,150.936547814762
Kenya,KEN_1_5,Rift Valley,KEN_2_32,Nakuru,KEN_3_170,Kuresoi South ,QwGkDS0DNls,35.64008495861538,-0.5170923005283998,201.81186241284828,198.7014606748379,202.5383810139291,217.98470585952285,166.50723399423143
Kenya,KEN_1_3,Eastern,KEN_2_10,Marsabit,KEN_3_46,NORTH HORR,j6fqt5TYqPZ,37.50948493288311,3.291319194536966,490.89759910553835,465.13407097270095,445.0512074443826,385.1153740927381,363.9987152784145
Kenya,KEN_1_3,Eastern,KEN_2_12,Meru,KEN_3_53,Igembe North,G9DoZvSdGLx,37.98083288286449,0.4624786841139187,429.8804545047471,412.50273453182837,402.32816884463745,370.96837498932604,115.6468906711159
Kenya,KEN_1_6,Western,KEN_2_37,Kakamega,KEN_3_203,Navakholo,G6PJ5kFVAuO,34.675072878207146,0.3906874897582192,62.87505640448039,52.18733570863336,55.899163911703084,92.42775551869133,263.9015399573093
Kenya,KEN_1_4,Central,KEN_2_22,Kiambu,KEN_3_113,Juja,aiqi2bz0IMI,37.033270734437245,-1.112552440906163,368.96507317478995,363.1347907025639,363.62225342890395,364.384828888516,129.70734375185611
Kenya,KEN_1_6,Western,KEN_2_39,Bungoma,KEN_3_222,Webuye West,aqYhbqKclsI,34.70320922982705,0.6222561987670994,67.69230745314063,47.63670133006606,41.021213171729386,66.53993592801602,265.72385328693525
Kenya,KEN_1_3,Eastern,KEN_2_15,Kitui,KEN_3_72,Kitui Central ,MWqQbxWqACn,38.017454906908455,-1.3577959330145002,479.003399833662,471.4929791447609,470.24381618139995,464.3816386567812,191.91567474819013
Kenya,KEN_1_6,Western,KEN_2_40,Busia,KEN_3_226,Teso South,EhchjCHkhJ9,34.21682891930856,0.5385244882009161,13.902236339757582,12.631517932648594,33.773484351871296,94.94814886344898,316.7993719715873
Kenya,KEN_1_4,Central,KEN_2_22,Kiambu,KEN_3_120,Kikuyu,jOVcLeZQSsS,36.610983106760365,-1.248551997327191,336.75239986168503,333.7345308588363,336.66734443230285,344.99173301888425,151.9456924080882
Kenya,KEN_1_4,Central,KEN_2_18,Nyandarua,KEN_3_90,Kipipiri,KlVgeHmvG6n,36.4886198898534,-0.3976968861690205,280.9086299448941,271.65935250045874,269.64475218993994,265.57671111467045,77.91551605828164
Kenya,KEN_1_5,Rift Valley,KEN_2_27,Uasin Gishu,KEN_3_143,Moiben,q8R0FA1hxnP,35.39477369830077,0.7062312090544018,144.80695046236443,124.74858219005438,113.51329777551572,93.29087016163358,195.18027255451673
Kenya,KEN_1_3,Eastern,KEN_2_13,Tharaka-Nithi,KEN_3_61,Chuka,JmE1qRVQD4F,37.57034861085528,-0.3181870925267519,394.0268381070457,381.47561114476474,375.98856939643906,359.017843176075,73.4649369036938
Kenya,KEN_1_5,Rift Valley,KEN_2_35,Kericho,KEN_3_192,Belgut,YnIAWg1T4AY,35.21952200459171,-0.4006659121677633,156.16500137318505,155.94973561248807,162.6911505890662,188.20519097211502,206.95905591371675
Kenya,KEN_1_2,North Eastern,KEN_2_8,Wajir,KEN_3_37,Eldas,x6Z1sBeiyqQ,39.55108637502611,2.2363091706912788,635.5456159521755,612.8691266227912,596.909997384127,547.4643787747683,371.19343449893006
Kenya,KEN_1_5,Rift Valley,KEN_2_33,Narok,KEN_3_177,Transmara West,Nb6e34jNGAq,34.87424597533095,-1.1833241999140136,201.94779134346552,213.00031215120134,226.91807367296545,267.70901262817364,275.8274648403982
Kenya,KEN_1_3,Eastern,KEN_2_12,Meru,KEN_3_51,Igembe South,wtuGWT7KjVm,37.97159791677994,0.173700831273404,430.09354826652503,414.2349412119247,405.54470937736244,378.5820547283336,106.16246548161925
Kenya,KEN_1_6,Western,KEN_2_39,Bungoma,,Cheptais,NZphHeczehh,34.53832940639163,0.8360302491807317,62.51336746923887,36.76215381012698,18.392221265672397,47.78754922405531,289.7861374519073
Kenya,KEN_1_4,Central,KEN_2_18,Nyandarua,KEN_3_92,Oljoroorok,fVSw60UAC3W,36.33685593423682,-0.0931653861881813,254.80381798032158,243.182187419498,239.22346378605312,230.61972524218328,78.18076902610531
Kenya,KEN_1_5,Rift Valley,KEN_2_29,Nandi,KEN_3_155,Emgwen,Njv37QXxNy2,35.091194036223136,0.1815021488480343,113.10633706516329,103.88216061879517,104.70167957663504,122.20856786447719,215.42995566794534
Kenya,KEN_1_7,Nyanza,KEN_2_46,Nyamira,KEN_3_270,Masaba North,Qn5Fff2lIDz,34.93537508429111,-0.7179880245977576,160.22318316347295,167.51836251650334,179.4113613471172,216.6846109885272,247.63346409148312
Kenya,KEN_1_3,Eastern,KEN_2_16,Machakos,KEN_3_76,Yatta,CeukNtGhW7J,37.581892379090135,-1.238139011348626,429.5845000663302,422.6435917551896,422.0005684391676,418.52014983209546,156.46972181121498
Kenya,KEN_1_4,Central,KEN_2_22,Kiambu,KEN_3_122,Lari,nCziQtZ49jj,36.666543498943966,-0.9497454955104082,324.50874658227605,319.0728341908011,320.07742224343826,323.2715448458263,118.48154446179369
Kenya,KEN_1_3,Eastern,KEN_2_12,Meru,KEN_3_52,Igembe Central,TPfcUHno8oP,38.08343056798846,0.1906531548122015,442.35894074823864,426.35298859052597,417.4938973895562,389.87513938812,118.73626946402418
Kenya,KEN_1_4,Central,KEN_2_21,Muranga,KEN_3_105,Mathioya,u7Gkh63FYe4,36.86552028427232,-0.6342125089781887,329.44696564258476,320.8164278981989,319.07736971479943,314.35057208273815,78.52760479579483
Kenya,KEN_1_4,Central,KEN_2_21,Muranga,KEN_3_109,Kandara,gwYTo0wITYX,37.01015003762441,-0.8828118494666687,355.18913403964615,347.87606207020485,347.16174287344995,344.7740589772385,104.16965627169408
Kenya,KEN_1_5,Rift Valley,KEN_2_35,Kericho,KEN_3_188,Kipkelion East,gU0Cz7Qlfss,35.51336107307503,-0.1740191634259767,171.0507764736472,164.54522600261916,166.07033321882133,177.72662693396396,169.92026566982858
Kenya,KEN_1_3,Eastern,KEN_2_16,Machakos,KEN_3_79,Kathiani,iCey76HYgLP,37.29930031840932,-1.4230349223568863,411.72190532001684,406.8125772387362,407.92630280166173,409.7432038911456,167.04764559715701
Kenya,KEN_1_5,Rift Valley,KEN_2_36,Bomet,KEN_3_194,Sotik,KyuSYunELJI,35.13683493685297,-0.7608840232289632,177.59675007012697,182.51847494848528,192.60482059703062,224.82998211728616,228.60171179369115
Kenya,KEN_1_8,Nairobi,KEN_2_47,Nairobi,KEN_3_282,Embakasi South,aDp1odOWYC1,36.89257210108842,-1.329393009032679,367.7910059512611,363.96468435539975,366.115724221238,371.6189458042346,154.51194835976708
Kenya,KEN_1_2,North Eastern,KEN_2_9,Mandera,KEN_3_40,BANISSA,hCvlJNjyZna,40.46729555060195,3.979713251073447,806.6452048616269,781.9392316989287,763.4755750901248,707.136572617222,580.4141334848514
Kenya,KEN_1_3,Eastern,KEN_2_13,Tharaka-Nithi,,Tharaka South,Yz1V5Cx8CO2,37.92686307738444,-0.1960765207769875,430.2427529084553,416.47199234876615,409.75900350644355,388.62462456363204,104.12770054216146
Kenya,KEN_1_6,Western,KEN_2_40,Busia,KEN_3_229,Butula,RIBiZFJxB1K,34.29711023781375,0.349183090420268,24.10946073808038,31.99828690339291,50.498276859564115,108.20190225521085,305.0308711939323
Kenya,KEN_1_2,North Eastern,KEN_2_8,Wajir,KEN_3_36,Wajir West,X98G0eIWdmP,39.48354284160695,1.733620724004797,613.2731841511228,591.7516929740104,577.0819788443772,531.3152368917863,331.1096693792958
Kenya,KEN_1_4,Central,KEN_2_22,Kiambu,KEN_3_112,Gatundu North,HEsM6W2ImQR,36.805520989120296,-0.9026885329087913,335.6995183224725,329.3132517155321,329.46879995601785,329.99348580154185,109.11649999588083
Kenya,KEN_1_3,Eastern,KEN_2_13,Tharaka-Nithi,,Igambang'ombe,yXwsnpFBIPW,37.78924724094522,-0.3563989153776378,418.7053928733707,406.04583092923906,400.3891717100018,382.52254222695063,96.51117043758464
Kenya,KEN_1_7,Nyanza,KEN_2_46,Nyamira,KEN_3_271,Nyamira,cxjRPbvhjzr,34.92990224402543,-0.5869318679538756,148.10409847085273,154.26417803560864,165.58631690840318,202.13027858000402,243.55104936178543
Kenya,KEN_1_6,Western,KEN_2_39,Bungoma,KEN_3_218,Kabuchai,k1mze33jOs0,34.60329814616084,0.6895235660782638,59.72396184568578,36.98285747177117,27.731798309958272,60.681329995085186,278.3305776480532
Kenya,KEN_1_3,Eastern,KEN_2_16,Machakos,KEN_3_78,Matungulu,GnixPSqaV6D,37.24857327614912,-1.2098639123618455,395.17100467602825,389.1621344523691,389.4090316637713,389.0146233162953,142.717539678538
Kenya,KEN_1_4,Central,KEN_2_18,Nyandarua,KEN_3_93,Ndaragwa,EESGLsSLTqH,36.53449640485079,-0.1175819634981268,276.7915033307268,264.84900387264577,260.4405577639492,249.62786898717948,57.71555963758663
Kenya,KEN_1_7,Nyanza,KEN_2_41,Siaya,KEN_3_237,Rarieda,XcRpb1xsM64,34.338599985354534,-0.2216288028829794,80.4542749275751,95.63691535570604,113.25018925896126,166.14492783164036,300.2141213314794
Kenya,KEN_1_1,Coast,KEN_2_6,Taita Taveta,KEN_3_24,Wundanyi,AM36DdkZ36Y,38.187407082398686,-3.0414633644949216,597.5471252500357,596.9354924410511,601.1625406011867,610.0085861949009,367.66045830262317
Kenya,KEN_1_3,Eastern,KEN_2_17,Makueni,KEN_3_85,Kaiti ,pKJ4NZGPzTA,37.44331394648836,-1.77437136147927,446.13797151212975,442.6356175266704,444.81358087254785,449.19021879093594,208.56121360640742
Kenya,KEN_1_3,Eastern,KEN_2_14,Embu,KEN_3_65,Mbeere South ,AvnM6jKoocs,37.61019398101973,-0.7458163780195909,411.382432302133,401.4223449563251,398.2151662471986,387.605383526108,110.22792904790684
Kenya,KEN_1_4,Central,KEN_2_19,Nyeri,KEN_3_94,Tetu,YT3tecc4atw,36.89539615330705,-0.4571456859280668,325.80379647090217,315.7120847810943,312.70510321637965,304.4214729064924,58.60820451583618
Kenya,KEN_1_7,Nyanza,KEN_2_44,Migori,KEN_3_258,Nyatike,D2lsuEzZAJP,34.22267100620248,-0.938876867016746,156.72016780012802,175.22606795294547,193.69019528167453,246.63030562513606,330.50578938176426
Kenya,KEN_1_4,Central,KEN_2_22,Kiambu,KEN_3_111,Gatundu South,EcRytSSIkUq,36.84378770572298,-0.987734285922322,343.8400337250327,337.9119273652395,338.417368273175,339.74921636175196,117.55253554182688
Kenya,KEN_1_5,Rift Valley,KEN_2_29,Nandi,KEN_3_153,Nandi East,W6Err8cQf5J,35.26078877478423,0.1046265388876354,133.63588067880846,124.52818948186659,124.70435858064666,137.2824710973222,196.18552905329358
Kenya,KEN_1_4,Central,KEN_2_19,Nyeri,KEN_3_96,Mathira East,vznKK4IegIL,37.13895807807,-0.4608818044790119,351.7309933322349,341.01428631056405,337.3373717148516,326.4859786963547,58.64134168497952
Kenya,KEN_1_5,Rift Valley,KEN_2_28,Elgeyo-Marakwet,KEN_3_147,Marakwet East sub-county,EZraJgLdRLX,35.577543050951775,1.1538478250558803,179.711120526446,155.84181058516415,139.19124249320245,94.35378550547065,202.08690279319006
Kenya,KEN_1_5,Rift Valley,KEN_2_34,Kajiado,KEN_3_187,Loitokitok,eyADpAXM834,37.46858725695776,-2.6565709475196684,509.4937739945576,509.98000408644504,515.2117225219408,527.6308753232254,305.40808507266706
Kenya,KEN_1_7,Nyanza,KEN_2_45,Kisii,KEN_3_263,Bomachoge Borabu,ntRK47D5dYL,34.754614827123,-0.9140007796196,169.18340948017416,180.42477371732127,194.71572803983773,237.3040987931103,274.36869538427516
Kenya,KEN_1_5,Rift Valley,KEN_2_31,Laikipia,KEN_3_165,Laikipia North,RJyUfi5BQUm,36.87652168148772,0.425017266101266,307.1257324741088,290.2141340842016,280.876305239122,254.3551411754426,44.421721031181804
Kenya,KEN_1_3,Eastern,KEN_2_15,Kitui,KEN_3_71,Kitui Rural,vbauk0RRq9N,37.87144706815917,-1.5205949090284183,472.5285633599594,466.2697239818441,466.0976974964325,463.4148867311587,198.79837645346538
Kenya,KEN_1_5,Rift Valley,KEN_2_27,Uasin Gishu,KEN_3_142,Turbo,KuprsuBe1l0,35.113289987012244,0.5965367664768667,111.97231457227755,93.31195838388085,84.73393154794388,81.29469224799001,220.90184500013817
Kenya,KEN_1_8,Nairobi,KEN_2_47,Nairobi,KEN_3_284,Embakasi Central,XvpLXU47BKs,36.91506265088635,-1.2688262265545622,366.3034462633236,361.9872249491475,363.7419690933468,368.1524121699796,147.58199561000717
Kenya,KEN_1_3,Eastern,KEN_2_16,Machakos,KEN_3_82,Mwala,fYYivceocJ2,37.5243363379074,-1.4200078709985484,433.26513361652246,427.54613750947334,427.92420884463775,427.32328912750626,173.0605862241496
Kenya,KEN_1_5,Rift Valley,KEN_2_26,Trans Nzoia,KEN_3_136,Kwanza ,ABy8CNqf2e7,34.98015062241204,1.1449142885040056,122.27547339177731,96.6824384543795,77.38978914123885,28.88680192273754,257.6433239488631
Kenya,KEN_1_6,Western,KEN_2_38,Vihiga,KEN_3_211,Vihiga,OOF3UX4yOt7,34.692115329411,0.032403273278836,80.31889881327466,81.59218264372917,91.82978938239388,132.12694900930373,259.34916339973546
Kenya,KEN_1_6,Western,KEN_2_39,Bungoma,KEN_3_220,Kanduyi,CUjthlounWV,34.59267289301939,0.5533770658785814,54.018875308494884,36.499768151761,36.044708236264235,75.71276522222685,276.0361258666382
Kenya,KEN_1_8,Nairobi,KEN_2_47,Nairobi,KEN_3_287,Makadara ,wwROy3Qkwin,36.86911962206104,-1.2953780765491516,363.552904578479,359.612095031709,361.6852697001097,367.048306196461,151.0229901826753
Kenya,KEN_1_5,Rift Valley,KEN_2_31,Laikipia,KEN_3_163,Laikipia West,pXbWrnFPpKb,36.471738572120834,0.3004355407477314,262.7336900744988,247.0929119852747,239.25864672022288,218.85294059565499,67.29002444244969
Kenya,KEN_1_5,Rift Valley,KEN_2_32,Nakuru,KEN_3_168,Naivasha ,yZJJPoSGhY6,36.39326921775048,-0.8739418001814807,293.9437698213912,289.2567049882412,291.0433755648454,297.24774871667,124.7757392138154
Kenya,KEN_1_5,Rift Valley,KEN_2_35,Kericho,KEN_3_193,Sigowet/Soin,ScLzA7tQxrH,35.11533380288363,-0.3009714147652072,140.21631052858763,139.95735553010863,146.99174532498557,174.42869501089694,215.91406041588445
Kenya,KEN_1_8,Nairobi,KEN_2_47,Nairobi,KEN_3_285,Embakasi East,gD4xxgDGJ4Y,36.93538849714291,-1.3003257169562572,370.072876912397,365.87186197697963,367.7074022526512,372.2759202012112,150.9079042979433
Kenya,KEN_1_5,Rift Valley,KEN_2_35,Kericho,KEN_3_191,Bureti,wt8cPHWfkfu,35.13193225632101,-0.5663917166072369,161.1901303875433,164.18833647587766,173.15981648079463,203.56882659629028,221.44517383232372
Kenya,KEN_1_4,Central,KEN_2_19,Nyeri,KEN_3_99,Nyeri Central,GXnD5lHeanK,36.96824254216052,-0.4212290024161258,332.2929019911232,321.7218906819264,318.25763879421874,308.48350368735294,53.199675962077286
Kenya,KEN_1_3,Eastern,KEN_2_10,Marsabit,KEN_3_47,SAKU,WILszL634oZ,37.947701703588,2.3321621082972763,473.8901053701296,449.69140057369924,431.99511150665427,378.2464418397416,273.33337597664024
Kenya,KEN_1_1,Coast,KEN_2_1,Mombasa,KEN_3_1,Changamwe,OvI6w06DhPJ,39.616681007276135,-4.0288821406974975,789.6759904015221,788.2677004624069,791.6596511355921,797.0874982796958,537.6374871546798
Kenya,KEN_1_1,Coast,KEN_2_3,Kilifi,KEN_3_13,Kaloleni,tSKDWoVKiPo,39.52438629303823,-3.764506405664457,763.3489060076755,761.3993039605883,764.3767056678217,768.7115541089036,507.3863444467181
Kenya,KEN_1_3,Eastern,KEN_2_16,Machakos,KEN_3_80,Athi River,BxfsSc6Svrc,37.057486714604615,-1.4342996576436975,389.51950285020615,385.6327387016155,387.6586520764445,392.4251459386966,165.52113638456788
Kenya,KEN_1_7,Nyanza,KEN_2_45,Kisii,KEN_3_262,South Mugirango,WHG67QCDRS9,34.65616063574405,-0.8509161371846788,158.36926288457332,170.69387401726118,185.73685299526448,230.42727842236312,281.89310937159684
Kenya,KEN_1_3,Eastern,KEN_2_16,Machakos,KEN_3_75,Masinga,hpcb7MYi6nc,37.60756211645557,-0.9471606319840336,418.9763119181032,410.245930561192,408.0944408010435,400.42311309026024,128.82166811166005
Kenya,KEN_1_1,Coast,KEN_2_3,Kilifi,KEN_3_12,Kilifi South,xWAZBULwGxp,39.74432297651172,-3.809988124338312,785.7824760946497,783.4564157854276,786.1107673164192,789.4148623596344,525.2928284614
Kenya,KEN_1_7,Nyanza,KEN_2_43,Homa Bay,KEN_3_248,Rangwe,iK2Jk2AxhlD,34.58332625936029,-0.5555156182788185,125.00981249891987,136.86507351070986,152.02032920781033,198.11363426621557,279.762060589647
Kenya,KEN_1_4,Central,KEN_2_20,Kirinyaga,KEN_3_101,Kirinyaga East,yOaHQLOLd1H,37.36172218418957,-0.482377168177764,376.14615803645233,365.0603325210583,360.9617385434464,348.3772196965117,70.44679396620069
Kenya,KEN_1_1,Coast,KEN_2_1,Mombasa,KEN_3_2,Jomvu ,vSISrsNNHwq,39.59923249426529,-4.000351485151428,786.173111125999,784.7257709602167,788.0891070228529,793.4480042884078,533.9218992494123
Kenya,KEN_1_6,Western,KEN_2_40,Busia,KEN_3_228,Matayos,tvkI2HSIRW9,34.16832689029448,0.4007800810883793,9.423172785971476,28.729134524355814,49.74675869819129,110.53154792869807,319.91161153078804
Kenya,KEN_1_2,North Eastern,KEN_2_7,Garissa,KEN_3_27,Garissa,lQkHbTC1iRg,39.683061019071694,-0.3030220944901227,625.0512581634601,610.3393411159356,602.4310755171117,576.0232925379355,298.2805829130698
Kenya,KEN_1_2,North Eastern,KEN_2_7,Garissa,KEN_3_30,Dadaab,EW4Jw4dVWBt,40.33331156473981,0.0888659247453394,692.7418312112609,676.3801451595892,666.8519331287076,635.4258442813609,367.95442962712457
Kenya,KEN_1_4,Central,KEN_2_19,Nyeri,KEN_3_98,Mukurweini,zT8Zj5vNYCy,37.083595011949775,-0.5785707927840212,349.9735343215679,340.251635857033,337.46641374693456,329.2393434755426,70.63488637480033
Kenya,KEN_1_1,Coast,KEN_2_1,Mombasa,KEN_3_4,Nyali ,sr8WEz03EnP,39.7026370916142,-4.030950899581829,797.2366887791655,795.6338475067936,798.8634125811907,803.7899987421555,543.0056747574733
Kenya,KEN_1_3,Eastern,KEN_2_14,Embu,KEN_3_64,Runyenjes ,kMSLkN4nsRl,37.59855325599834,-0.4428411538688566,400.3588388147242,388.54254353550857,383.7066716841675,368.534498464362,84.42015735656842
Kenya,KEN_1_6,Western,KEN_2_38,Vihiga,KEN_3_213,Hamisi,BXaq5PxSfz2,34.82112139462037,0.0947054168602671,88.75934930084442,85.50754823618773,92.26324169633683,125.52407667034208,245.0352047515485
Kenya,KEN_1_7,Nyanza,KEN_2_41,Siaya,KEN_3_235,Gem,PKeFksHlJkB,34.453182459052506,0.0461517158904434,60.00160973666737,68.52590328106255,83.81063066985486,134.1414890074398,285.9075347935839
Kenya,KEN_1_3,Eastern,KEN_2_17,Makueni,KEN_3_83,Mbooni ,jxjGWCdfsib,37.59747061720027,-1.6511558698673066,453.1934181438988,448.48951155805935,449.6619798062196,451.07413169420215,200.01298210119253
Kenya,KEN_1_4,Central,KEN_2_22,Kiambu,KEN_3_115,Ruiru,TPRNJqSm4lK,37.00344993075991,-1.1853669229241932,370.001908522442,364.7699135052556,365.7532611456401,367.9063947472557,137.81988118881605
Kenya,KEN_1_5,Rift Valley,KEN_2_23,Turkana,KEN_3_124,Turkana West,HK5SUCMQmsw,34.70493141110592,3.995653099269475,397.87530729656936,376.6059571862023,357.62508213751767,308.6525436665597,508.4479395856585
Kenya,KEN_1_5,Rift Valley,KEN_2_24,West Pokot,KEN_3_132,Pokot South,u2zJahNiSP5,35.301467767299265,1.3363523898748393,163.60621848520825,138.15334047147272,118.96989593832753,64.68002739658861,238.81343193768342
Kenya,KEN_1_5,Rift Valley,KEN_2_36,Bomet,KEN_3_197,Bomet Central,m9gdonbVXjZ,35.31754289455869,-0.7234029193703049,188.12665885845772,190.5003817993155,198.6612963871252,225.71033613811488,208.5436130544691
Kenya,KEN_1_5,Rift Valley,KEN_2_32,Nakuru,KEN_3_176,Nakuru East ,FBJ9Y11esHS,36.12481703400146,-0.3196098196685655,239.9933763727832,231.5178476251966,230.49095549763064,230.89413535814404,108.30818987582002
Kenya,KEN_1_4,Central,KEN_2_22,Kiambu,KEN_3_118,Kiambaa,oMaQgNIs85x,36.76096774462775,-1.165030278489696,345.66359390510786,341.3424405409061,343.1747658348888,348.2180380502263,138.66762755486218
Kenya,KEN_1_4,Central,KEN_2_21,Muranga,KEN_3_108,Muranga South,l46g2PZUjoh,37.18074055794144,-0.8746920183481931,372.1058750198096,364.15778014454577,362.83402571517354,358.3562707655063,104.70782418450436
Kenya,KEN_1_6,Western,KEN_2_37,Kakamega,KEN_3_208,Khwisero,UhQS2Mv0PCK,34.579474357505454,0.145479286554913,62.802849676738155,64.20565299393014,75.74135099483132,120.6694091523542,272.05353497458844
Kenya,KEN_1_2,North Eastern,KEN_2_7,Garissa,KEN_3_31,Fafi,RScEHA3V38d,40.41104429994281,-0.6693498941710406,711.408216946738,697.5530524866447,690.3544060394962,665.5397975118708,385.0615733131956
Kenya,KEN_1_1,Coast,KEN_2_3,Kilifi,KEN_3_17,Magarini,KMWrMZrlO5u,39.73511213327426,-2.903460577888896,728.4887010089382,723.3667438420428,723.774334374793,720.8299966344424,445.9979114059265
Kenya,KEN_1_7,Nyanza,KEN_2_41,Siaya,KEN_3_233,Ugunja,m9nsQ1MXlVU,34.33632255570417,0.1920842106347948,39.21320167077383,49.84091795885013,67.32164653036163,122.44925317436395,299.2944924511541
Kenya,KEN_1_5,Rift Valley,KEN_2_28,Elgeyo-Marakwet,KEN_3_150,Keiyo South,SOEG546PqbA,35.58688917276641,0.3546833405463853,164.1664064857279,149.1884729487918,143.1174444303944,135.2965171297609,163.30431494735657
Kenya,KEN_1_3,Eastern,KEN_2_14,Embu,KEN_3_63,Manyatta ,IPOMRXiYjxr,37.457525319167935,-0.3965216944336675,383.88668843896346,372.03729618796166,367.2227681937967,352.40240163536845,69.48344904148674
Kenya,KEN_1_4,Central,KEN_2_20,Kirinyaga,KEN_3_102,Kirinyaga West,A34NiI4rgnf,37.20390699960981,-0.5648686180418026,362.13458241085925,351.9895454608851,348.781960402272,339.068915637209,71.64064087277268
Kenya,KEN_1_3,Eastern,KEN_2_15,Kitui,KEN_3_73,Kitui East,d0Gu8FrRM0Y,38.522354691823374,-1.3766649354296976,531.1976840686689,522.600010232833,520.3131443373666,510.91036920330436,230.30959637927984
Kenya,KEN_1_5,Rift Valley,KEN_2_29,Nandi,KEN_3_151,Tinderet,NPYRMdqrK6L,35.25173175525386,-0.0235124187934117,137.6675912300615,131.05234529958133,133.22402804684256,149.88763166966862,197.29955680659438
Kenya,KEN_1_1,Coast,KEN_2_6,Taita Taveta,KEN_3_26,Voi,yoGLpCTgjed,38.780039940361206,-3.4863760593762096,679.710012407154,678.8253587740018,682.7368402127689,690.177709577677,439.3547633325405
Kenya,KEN_1_3,Eastern,KEN_2_13,Tharaka-Nithi,KEN_3_60,Mwimbi,wQ8XjZ7zVwL,37.61404978903176,-0.2257292166710128,396.6447700406638,383.4476043950165,377.35748449126027,358.5710730421335,72.5650543602295
Kenya,KEN_1_3,Eastern,KEN_2_13,Tharaka-Nithi,,Muthambi,gLD3Q9fHpvy,37.69506748293767,-0.2888667608292709,406.8768502832317,393.9513003740277,388.0825904781385,369.7781574867422,83.74983766017324
Kenya,KEN_1_5,Rift Valley,KEN_2_33,Narok,KEN_3_178,Transmara East,PGTkGnIAZuy,35.08853044975422,-0.9977564835394402,195.52697361188825,202.95030923690092,214.5519300112799,249.77978441069178,244.96251871573065
Kenya,KEN_1_2,North Eastern,KEN_2_9,Mandera,KEN_3_43,MANDERA EAST,fGr9rRvaovO,41.60375472484237,3.723160506175908,907.4639719508573,883.6307309939523,866.246536152246,812.5572136015694,652.2129072603713
Kenya,KEN_1_7,Nyanza,KEN_2_45,Kisii,KEN_3_268,Kitutu Chache North,cQkF9l9wePP,34.823555420564524,-0.5674646539239339,139.3862049703761,147.0747746885738,159.51710768318245,199.02095109134828,254.28570948890533
Kenya,KEN_1_5,Rift Valley,KEN_2_24,West Pokot,KEN_3_131,Pokot North,YXpHG1Ez8V2,35.10374335105287,2.0468387822954632,207.29612243475688,181.9180362167086,160.79093958137298,100.82546770923072,307.7331401366947
Kenya,KEN_1_1,Coast,KEN_2_6,Taita Taveta,KEN_3_23,Taveta,jNzRdAwjaQ1,37.94571194092585,-3.4969732565018465,612.7723485334603,614.5184402941707,620.5776549611895,634.6076446931634,407.89715887369374
Kenya,KEN_1_2,North Eastern,KEN_2_8,Wajir,KEN_3_34,Wajir East,uov0yFMw9Qm,40.66473846800285,1.948276701799555,746.5602868133592,725.140931484977,710.5093376732796,664.4535510183243,456.24448643673674
Kenya,KEN_1_3,Eastern,KEN_2_10,Marsabit,KEN_3_45,MOYALE,sZjPgbWI5ra,38.82571736320858,3.1332377413166976,601.6846546434591,576.9187693289244,558.417413863675,502.2043464546867,396.63673458902883
Kenya,KEN_1_3,Eastern,KEN_2_12,Meru,KEN_3_59,Imenti South,AFIlzKNxXST,37.503773944879725,-0.1039920761789426,382.1444561765289,368.3280150449177,361.7053428544787,341.6045161360472,56.12085140458672
Kenya,KEN_1_5,Rift Valley,KEN_2_36,Bomet,KEN_3_198,Konoin,PLFoYJO8MVS,35.369088108288324,-0.5279584650645042,177.98825490674585,177.6343271348152,183.91700767002743,206.8930510951459,195.10024574127783
Kenya,KEN_1_4,Central,KEN_2_22,Kiambu,KEN_3_117,Kiambu Town,SBz4c48i24Y,36.84196792904536,-1.1600962414732303,353.08036903684626,348.36090618808265,349.83443988939905,353.710227764135,136.5057102044381
Kenya,KEN_1_5,Rift Valley,KEN_2_34,Kajiado,KEN_3_185,Kajiado East,g6gTzQ5nfYq,37.14374598580845,-1.921112727003812,428.82233066961174,427.29302051195623,431.10848735176126,440.37018980185945,220.0118437178122
Kenya,KEN_1_5,Rift Valley,KEN_2_32,Nakuru,KEN_3_174,Nakuru North ,nwh9bXKykiS,36.15294691652798,-0.2214469373736003,239.19874192243677,229.55651575292765,227.5121639024835,225.10601661708515,101.622875652621
Kenya,KEN_1_5,Rift Valley,KEN_2_26,Trans Nzoia,KEN_3_139,Kiminini ,pzZHpL2ueIn,34.97188112143552,0.9190669969707758,107.78199771077027,83.62739632045881,67.45180515508638,42.831206102585035,247.6669210629863
Kenya,KEN_1_5,Rift Valley,KEN_2_32,Nakuru,KEN_3_172,Subukia ,zQEuNRaPYgE,36.18009343943397,-0.0186532118760578,235.90721254131816,223.99466312624745,219.92659183422165,211.9324555449057,94.22858939000119
Kenya,KEN_1_5,Rift Valley,KEN_2_25,Samburu,KEN_3_133,Samburu Central,EmQRGVtvWy3,36.71699389477183,1.0876581571737844,297.4663435291945,276.10975617425186,262.08395727804566,221.23311113072538,119.922710212642
Kenya,KEN_1_4,Central,KEN_2_21,Muranga,KEN_3_106,Kiharu,VDlzh6w4LKv,37.08914455052345,-0.717262783884263,355.9630944191898,347.2172319059274,345.26383358334937,339.3050793951616,86.05105839357523
Kenya,KEN_1_2,North Eastern,KEN_2_9,Mandera,KEN_3_39,MANDERA WEST,H5RvDZkoDJL,40.138825351159646,3.445361559533836,746.8607437625229,722.5604363044214,704.6335882803093,649.7088082983907,511.8564065783969
Kenya,KEN_1_5,Rift Valley,KEN_2_24,West Pokot,KEN_3_129,West Pokot,ylWg6VvADJE,35.148902824471406,1.5125178790356626,163.5582278855187,137.60932956463682,117.02467470888362,56.67406363295821,264.1718238004123
Kenya,KEN_1_1,Coast,KEN_2_2,Kwale,KEN_3_8,Lunga Lunga,TdcYaufNV4p,38.96250863968025,-4.345069554367063,759.1504247631846,760.2667337283596,765.6873130427655,777.131340129629,534.4311150023741
Kenya,KEN_1_7,Nyanza,KEN_2_44,Migori,KEN_3_253,Rongo,fT37q3rXQ35,34.59701281552197,-0.7757880007715855,148.17097917261341,161.02601760951273,176.47735317191157,222.42397533313687,285.2372873577315
Kenya,KEN_1_8,Nairobi,KEN_2_47,Nairobi,KEN_3_281,Ruaraka ,Cc8uEFkzfVf,36.880307519052266,-1.246842143497251,361.73161970157065,357.4237134344827,359.2025741774357,363.7688970076827,145.52054283603007
Kenya,KEN_1_6,Western,KEN_2_37,Kakamega,KEN_3_200,Likuyani,wMv0s3U2nnG,35.09091467743642,0.7607580281920923,113.37141344973365,91.77167318333773,79.38474566445747,64.84816100277732,228.90434809974465
Kenya,KEN_1_6,Western,KEN_2_37,Kakamega,KEN_3_209,Shinyalu,sjlSPeRgl7d,34.85866950815977,0.2707284886484086,85.53734533403863,76.56672620421901,79.1930429111852,106.4984361087209,242.02106239333662
Kenya,KEN_1_7,Nyanza,KEN_2_41,Siaya,KEN_3_236,Bondo,JNvqpOnKfGR,34.19006685131715,-0.0949842028723918,62.983095525181405,81.83957876931144,101.25900909412773,158.1230923876304,315.5978700413529
Kenya,KEN_1_2,North Eastern,KEN_2_9,Mandera,KEN_3_41,MANDERA NORTH,jrm0uyLXnC1,40.76732895184161,3.6335915862949606,818.7796521557002,794.612784461723,776.8382522172549,722.2285856200467,575.6916341464389
Kenya,KEN_1_2,North Eastern,KEN_2_8,Wajir,KEN_3_35,Tarbaj,fmNokBURXjM,40.195218525401714,2.424627204588908,710.0839126487461,687.4324103466319,671.4684688170139,621.828492992582,440.1451088216647
Kenya,KEN_1_7,Nyanza,KEN_2_43,Homa Bay,KEN_3_252,Suba,HoRW5aISmiD,34.179423929431664,-0.64347454049911,123.62208385296732,142.67853471454274,161.58600134155853,216.10700020948008,325.7063563248888
Kenya,KEN_1_7,Nyanza,KEN_2_44,Migori,KEN_3_259,Kuria West,jtBjNpL9FXS,34.514215735751804,-1.1775500800727212,188.11893115701403,203.41514726835985,219.98341396918602,267.68682673847275,310.8817220732571
Kenya,KEN_1_5,Rift Valley,KEN_2_27,Uasin Gishu,KEN_3_146,Kesses,dKHnvt7gleN,35.39139568826546,0.232652829833852,144.31913662002506,131.9913365007837,128.94574525662895,132.0538871711832,182.66577894489058
Kenya,KEN_1_8,Nairobi,KEN_2_47,Nairobi,KEN_3_290,Mathare ,gh2kzpOFCeF,36.86153630205376,-1.2604059982497433,360.759170601568,356.6237394490164,358.5480246698552,363.5442466935235,147.26174899099854
Kenya,KEN_1_1,Coast,KEN_2_2,Kwale,KEN_3_7,Msambweni,ADMywdLwoRX,39.4671458414019,-4.401012639928816,804.0655812415964,804.027494258375,808.5024322176047,817.0199119250996,564.818286003214
Kenya,KEN_1_5,Rift Valley,KEN_2_33,Narok,KEN_3_181,Narok South,bnYzgzYe2Z7,35.781891009739304,-1.4227217635976386,280.15520299157527,283.69127886863816,291.9652755104935,316.2183247046907,214.5783981902996
Kenya,KEN_1_8,Nairobi,KEN_2_47,Nairobi,KEN_3_280,Kasarani ,FoqzDgIByL6,37.00854084072359,-1.2528231174975502,374.26666282433706,369.4514436364439,370.76523530337755,373.7773953759492,145.31168034701645
Kenya,KEN_1_4,Central,KEN_2_21,Muranga,KEN_3_104,Kangema,U9CLTNIwehR,36.92851890284989,-0.6834114458738375,337.99140761698277,329.5191927165244,327.8790004179569,323.22658657838156,82.67557396438504
Kenya,KEN_1_5,Rift Valley,KEN_2_24,West Pokot,KEN_3_130,Pokot Central,SCbMzaOeTuR,35.54863561971407,1.5627891128589395,200.6916855545928,175.11939863512052,155.59611148848742,98.51786683587,234.6731308387428
Kenya,KEN_1_7,Nyanza,KEN_2_44,Migori,KEN_3_254,Awendo,ka9Uv3Ckcbd,34.5456453519956,-0.8743773464886996,156.5988972477343,170.6320899395585,186.68381813593783,233.7981974006082,294.30913010197224
Kenya,KEN_1_8,Nairobi,KEN_2_47,Nairobi,KEN_3_277,Langata ,aTGYlhEw2Xx,36.809800459940064,-1.3564021703776126,361.7703189153538,358.4959053739818,361.11919335758904,368.06801576005034,158.62325173249295
Kenya,KEN_1_5,Rift Valley,KEN_2_29,Nandi,KEN_3_156,Mosop,Xtb7tbJpk9p,35.03046934259825,0.4485605453237299,101.84497836086022,86.55032892258228,82.21730490740468,91.99933791403579,226.01375440332922
Kenya,KEN_1_1,Coast,KEN_2_4,Tana River,KEN_3_19,Galole,A4SNYCxrrnv,39.50279266842462,-1.510935870684014,638.1475142763579,628.3722241424135,624.905516222782,611.2661437911712,325.8934632279307
Kenya,KEN_1_1,Coast,KEN_2_3,Kilifi,KEN_3_16,Malindi,lGg3wEy784X,39.908670717326814,-3.223139845058936,763.5436132470741,759.0939478830575,760.0279390666257,758.4438322226198,485.3167923543491
Kenya,KEN_1_5,Rift Valley,KEN_2_34,Kajiado,KEN_3_184,Kajiado Central,SZapM1R0Kti,36.81893887899033,-2.187506884632875,421.2684276834682,422.5682876951133,428.62497588036393,444.32533117622376,250.2775022155447
Kenya,KEN_1_8,Nairobi,KEN_2_47,Nairobi,KEN_3_288,Kamukunji ,qoLIT7y5f5c,36.85758134045778,-1.2762264411036657,361.32686795864186,357.31294401923475,359.3346933443949,364.5952160922347,149.06178224837635
Kenya,KEN_1_5,Rift Valley,KEN_2_28,Elgeyo-Marakwet,KEN_3_149,Keiyo North,rlWH0Ac9vjc,35.54490912146264,0.7041064812910064,161.20526975835273,141.40013475260622,130.16802961909306,107.1028337796126,179.69397578970734
Kenya,KEN_1_3,Eastern,KEN_2_14,Embu,KEN_3_66,Mbeere North ,eYBXetGx8xF,37.767568716085634,-0.542283804109894,421.3765799826251,409.85832213530927,405.23227463309223,390.33878419554964,105.94022471368706
Kenya,KEN_1_7,Nyanza,KEN_2_45,Kisii,KEN_3_269,Kitutu Chache South,gPR82w2xgJZ,34.75503088712591,-0.6213430921514476,140.35229673176022,149.66289939093096,163.09837717087188,204.76486833662662,263.2715361805181
Kenya,KEN_1_1,Coast,KEN_2_6,Taita Taveta,KEN_3_25,Mwatate,IBDoGsLdhvt,38.33745932983181,-3.697000356538125,659.1858401784563,660.2739252516548,665.7666244273169,677.8923695048345,441.865457487546
Kenya,KEN_1_7,Nyanza,KEN_2_45,Kisii,KEN_3_264,Bobasi,cooDDG3Lh3A,34.809228350513735,-0.8337633378564934,163.90481751934925,173.90124571385306,187.4738664395244,228.53196144241565,265.3486119935337
Kenya,KEN_1_5,Rift Valley,KEN_2_25,Samburu,KEN_3_134,Samburu North,E2DGjZRlwbY,36.82866897087016,1.7843806775997415,335.4243162796229,311.2791825839417,293.7790654829211,241.42372230907117,193.64720948123295
Kenya,KEN_1_6,Western,KEN_2_37,Kakamega,KEN_3_202,Lurambi,Y3NjAhiBaZT,34.70389196722901,0.2798836336503428,68.7181497011914,61.993148483860566,67.89315036841232,104.58090208977897,259.24813873911876
Kenya,KEN_1_3,Eastern,KEN_2_12,Meru,KEN_3_57,Buuri,xN5aPo4ZOIt,37.422233086842745,0.136854301975765,369.59631471746513,354.3230989605984,346.3585590408439,322.51429173848646,45.18840813082754
Kenya,KEN_1_7,Nyanza,KEN_2_45,Kisii,KEN_3_266,Nyaribari Masaba,A6Sj8RumZ0m,34.932038942650166,-0.8414847094903689,171.49160604107212,179.81053179201817,192.23681494970836,230.30964241608996,253.0605165929002
Kenya,KEN_1_3,Eastern,KEN_2_15,Kitui,KEN_3_74,Kitui South,d3hSQ3EtnPk,38.53676760938556,-2.185606933762586,573.2734877782282,568.2669803659578,568.9567242524377,567.7879946950798,300.4643335631526
Kenya,KEN_1_1,Coast,KEN_2_4,Tana River,KEN_3_20,Bura,yWPcTwGwQ2B,39.25368909986005,-0.6311267384526583,584.3069800545478,571.2454502904234,564.9095368931781,543.3263267818511,259.32044890840166
Kenya,KEN_1_7,Nyanza,KEN_2_46,Nyamira,KEN_3_272,Nyamira North,v5qbFUgfIoF,34.99295112885084,-0.5027607087405007,145.43085180040458,149.69826816059975,159.80499752316322,193.75713951995328,234.21146256430328
Kenya,KEN_1_7,Nyanza,KEN_2_43,Homa Bay,KEN_3_246,Kabondo Kasipul,BzFBYZhF5fx,34.862217429897896,-0.4435005894211802,130.94068414784587,136.65447374013308,147.98781071913743,185.54383504067633,246.7013605468641
Kenya,KEN_1_2,North Eastern,KEN_2_7,Garissa,KEN_3_28,Balambala,FGBNPr91pXH,39.10460839030941,0.096237576726861,556.3694430877077,540.3597840278628,531.3080644752218,502.0380860268975,231.35631775636912
Kenya,KEN_1_7,Nyanza,KEN_2_42,Kisumu,KEN_3_243,Muhoroni,NmbwkQ5r5cB,35.08095589668283,-0.1078628623769637,124.98484542655315,121.96125565603192,127.3436312123661,152.68128882991704,216.84832105547792
Kenya,KEN_1_7,Nyanza,KEN_2_41,Siaya,KEN_3_232,Ugenya,InECuIlzJGx,34.226089272797125,0.2362033691105561,28.435822703031654,44.797816246650825,64.50248255229688,122.9771266367222,311.8164415403002
Kenya,KEN_1_5,Rift Valley,KEN_2_27,Uasin Gishu,KEN_3_145,Kapseret,u9yagZzK49q,35.24091343726996,0.4205370423445425,125.32926461053556,110.04229550603537,104.66069698998027,105.41182540955072,202.4597228835765
Kenya,KEN_1_2,North Eastern,KEN_2_7,Garissa,KEN_3_29,Lagdera,J69iWev2zwu,39.35384836799761,0.4899788335457699,582.5523108620494,564.948426840371,554.3219093744319,520.3032742979834,263.51897958441026
Kenya,KEN_1_7,Nyanza,KEN_2_43,Homa Bay,KEN_3_245,Kasipul,NhsAMiaS0TD,34.71090580200044,-0.5031715451138931,126.56316847516273,135.63716520560578,149.1447127602054,191.62148305362126,264.59859471196415
Kenya,KEN_1_4,Central,KEN_2_19,Nyeri,KEN_3_95,Kieni East,YXt5ETQPRlB,37.09726698571138,-0.1910643458442942,339.60569363230456,327.0177058008831,321.68992005651324,306.2949961129771,28.41832403311435
Kenya,KEN_1_3,Eastern,KEN_2_16,Machakos,KEN_3_77,Kangundo,vMPhBuymSKt,37.35697508050149,-1.338354274005369,412.5917312484756,406.97560578906734,407.4979859567928,407.61197169373975,159.1664706596861
Kenya,KEN_1_6,Western,KEN_2_39,Bungoma,KEN_3_216,Mt Elgon,ZCYATXdLsL1,34.615148579901195,0.9532288289236316,77.63055675203618,51.7085342407434,31.648712216828958,32.35683824777305,285.94002156888246
Kenya,KEN_1_5,Rift Valley,KEN_2_23,Turkana,KEN_3_123,Turkana North,mWpq607yRXh,35.604359295666725,4.172309886905568,444.06250658129443,420.0211346212802,399.37368682768664,342.29865919081897,484.3583000603566
Kenya,KEN_1_6,Western,KEN_2_40,Busia,KEN_3_225,Teso North,GpEIlwz3FvT,34.341762286070285,0.6757692758816884,34.34242233993875,8.63482122577126,13.9672448239663,74.4227186441978,306.1982834635384
Kenya,KEN_1_3,Eastern,KEN_2_11,Isiolo,,Merti,NrGORu301bx,38.68740233917517,1.404733704229823,518.9841593175086,497.94501338338586,483.87145705374036,440.25124348849704,238.22075300271547
Kenya,KEN_1_5,Rift Valley,KEN_2_30,Baringo,KEN_3_160,Marigat,dSLnPmNlm8Q,36.06909103173622,0.4419549726136847,217.3285363824348,200.64960274976607,192.13058064897618,172.06018042633855,114.65384911770724
Kenya,KEN_1_4,Central,KEN_2_20,Kirinyaga,KEN_3_103,Kirinyaga Central,JKNaaTjVapG,37.29835182438936,-0.3804101649547771,366.3115342542513,354.66935505553823,350.1031399493834,336.34897701241584,57.09769647411177
Kenya,KEN_1_5,Rift Valley,KEN_2_26,Trans Nzoia,KEN_3_137,Endebess,PsjxYLsJSIp,34.77501746852581,1.1237138805114948,103.59596111389047,77.65549049010681,57.24842041251671,11.753416408900303,276.9522123561549
Kenya,KEN_1_7,Nyanza,KEN_2_42,Kisumu,KEN_3_238,Kisumu East,PRpKwAloU5b,34.80541342931445,-0.0923192060978946,98.78486990050966,100.19414575399519,109.63455330604428,146.1551004017381,247.27507264197706
Kenya,KEN_1_3,Eastern,KEN_2_10,Marsabit,KEN_3_48,LAISAMIS,eZpy65ooW0m,37.38657873958945,2.2720824937387976,415.43886499979004,390.7907087104619,372.5325878367048,317.443637594057,249.9150584951838
Kenya,KEN_1_2,North Eastern,KEN_2_9,Mandera,KEN_3_44,LAFEY,nsfbHBS9tMT,41.22287296902663,3.4776435559801966,857.8754695216006,834.148177473069,816.8998740428192,763.6092514297081,602.1715555904491
Kenya,KEN_1_5,Rift Valley,KEN_2_36,Bomet,KEN_3_196,Bomet East,OZNRpww2TUK,35.419637702333915,-0.8370946771706311,205.0896755748843,207.4440169433288,215.4048940905615,241.19954524057312,204.09529185494753
Kenya,KEN_1_5,Rift Valley,KEN_2_25,Samburu,KEN_3_135,Samburu East,ldZ10N9unC9,37.47766450794594,1.079059436146543,380.06413726462324,359.4697163958946,346.07593023740986,305.71109700675123,124.63632040457124
Kenya,KEN_1_4,Central,KEN_2_20,Kirinyaga,,Kirinyaga South,jHmpQUlnkQk,37.40904683189088,-0.6326740410073954,386.1575698192386,375.9578529466185,372.6167997744551,362.0480259651277,87.50776188359755
Kenya,KEN_1_8,Nairobi,KEN_2_47,Nairobi,KEN_3_274,Westlands ,f1T0Ltob8VQ,36.78904952495788,-1.2413517809853865,352.81757387181415,348.8851043477061,351.00688716280126,356.717810785407,146.38332613076227
Kenya,KEN_1_6,Western,KEN_2_38,Vihiga,KEN_3_212,Sabatia,urtJSF5jcBC,34.75588474777449,0.1128283588307113,81.4170875808421,79.02289985266694,86.83159950417024,123.14196522597257,252.33220100244776
Kenya,KEN_1_5,Rift Valley,KEN_2_32,Nakuru,KEN_3_169,Gilgil,hBU8B1KI12P,36.25901514761108,-0.5502832242347895,263.87680937893566,257.04261419983237,257.2316023843899,259.99754958492707,108.42702307714035
Kenya,KEN_1_1,Coast,KEN_2_4,Tana River,KEN_3_18,Garsen,Lj0mu9j58Ss,39.50974248228799,-2.3450413794185048,676.345036607894,669.7355315662487,668.9480479572283,662.8234880703676,384.04085335374805
Kenya,KEN_1_1,Coast,KEN_2_1,Mombasa,KEN_3_5,Likoni ,iy93Mmi73Or,39.63062356836284,-4.088877862030986,795.098063453285,793.8241471581885,797.3197739732908,803.0269939948782,544.1014788319621
Kenya,KEN_1_3,Eastern,KEN_2_15,Kitui,KEN_3_69,Mwingi Central Sub- County,uE7HKhqPOtf,38.44579714445972,-0.9233086144295154,505.7655049595531,495.11244920818916,491.0701370993008,476.82812214319586,191.79565586403245
Kenya,KEN_1_7,Nyanza,KEN_2_42,Kisumu,KEN_3_241,Seme,LRNmnMw1fBs,34.50687019761515,-0.1024108765120382,76.82438588850555,86.07092068716898,100.9353508919914,149.14954508045156,280.47549459868395
Kenya,KEN_1_5,Rift Valley,KEN_2_35,Kericho,KEN_3_189,Kipkelion West,Taw0Zg7nArd,35.39883384724501,-0.1500741479567296,158.38981140581072,152.50455207869692,154.78472811754975,169.4586986223918,182.1719795510379
Kenya,KEN_1_5,Rift Valley,KEN_2_23,Turkana,KEN_3_127,Turkana South,iTw0sFjlqZ2,35.69617732756491,2.3791569037371167,275.93228627152763,250.03875302381928,229.0384163572826,167.660795235981,297.74416866912213
Kenya,KEN_1_5,Rift Valley,KEN_2_32,Nakuru,KEN_3_166,Molo ,RJ4LGJiSHFg,35.790181549646434,-0.3453394746182881,207.0170425630315,200.73464411365364,201.9224206481764,210.13108128903013,144.23963657775113
Kenya,KEN_1_6,Western,KEN_2_39,Bungoma,KEN_3_217,Sirisia,whWfFA9D7td,34.47552631046732,0.7432444163113443,50.56908789721656,25.27940040513153,12.353361255298818,60.163303179359424,293.5958802617113
Kenya,KEN_1_1,Coast,KEN_2_2,Kwale,KEN_3_10,Kinango,LOgbecTRkbp,39.18879567493077,-3.9452720754208976,747.3491425215419,746.7575635955902,750.8380964323196,758.4414802222753,505.5479344240971
Kenya,KEN_1_2,North Eastern,KEN_2_8,Wajir,KEN_3_33,Wajir North,qsjAa8FE8OS,39.55553330611765,2.9765898408176312,665.9846518567299,641.9551291443885,624.3884447080366,570.5158584682237,429.835348131365
Kenya,KEN_1_6,Western,KEN_2_37,Kakamega,KEN_3_206,Matungu,ssbO49f0iLN,34.46116028627326,0.4057773993775782,39.10883253116127,32.92970516644371,44.38055153698136,95.39280600977327,287.6896450774213
Kenya,KEN_1_4,Central,KEN_2_21,Muranga,KEN_3_110,Gatanga,Z7ALMtFNfeZ,37.07305652478985,-0.945331412076236,364.4796553420789,357.3752273862424,356.8026631703283,354.6286928028884,111.24110014739499
Kenya,KEN_1_5,Rift Valley,KEN_2_29,Nandi,KEN_3_152,Aldai,Sq2fLWnOCGg,34.95806938540128,0.0467709133138678,104.7443842039129,100.31433372567889,105.38226743971684,132.86921015342628,229.76675977247342
Kenya,KEN_1_7,Nyanza,KEN_2_45,Kisii,KEN_3_267,Nyaribari Chache ,fFh3beH29fD,34.82465638815573,-0.7429217789102764,155.92984696396925,165.07141959915901,178.1985560692345,218.5131014267988,260.1472726347376
Kenya,KEN_1_4,Central,KEN_2_22,Kiambu,KEN_3_114,Thika Town,YZAZ1a9MIvX,37.16343697099778,-1.0665545619144787,379.4328266788824,372.8160260619147,372.6030438926394,371.1702628567024,125.5443205337086
Kenya,KEN_1_5,Rift Valley,KEN_2_32,Nakuru,KEN_3_171,Kuresoi North ,QBwORnYdu0e,35.60193651875377,-0.2945389453806459,185.76086978700374,180.21795795061755,182.3030417311744,194.24351714020602,162.84636121901497
Kenya,KEN_1_7,Nyanza,KEN_2_42,Kisumu,KEN_3_242,Nyando,iRK9uABUTVZ,34.93990434799547,-0.2015290316120301,118.04901163806352,118.916512404174,127.32710053917245,159.75786451622656,233.51865713271874
Kenya,KEN_1_6,Western,KEN_2_40,Busia,KEN_3_230,Samia,NHRktMsAkO1,34.08265057194606,0.2472448248448944,24.628136428940614,48.23916193382079,69.29391802640184,130.0100925715918,327.8120719255699
Kenya,KEN_1_7,Nyanza,KEN_2_41,Siaya,KEN_3_234,Alego Usonga,Cu46otDi1RO,34.23379594031281,0.0616378544834352,46.91528318429365,64.04137151348831,83.22332019216505,140.18383041363603,310.3020486017555
Kenya,KEN_1_5,Rift Valley,KEN_2_29,Nandi,KEN_3_154,Chesumei,xLWuQq3DjOR,35.09571481194625,0.2796012549279745,111.04149366670897,99.49423371634443,98.33830133767432,112.13882230540001,215.92243295966566
Kenya,KEN_1_7,Nyanza,KEN_2_42,Kisumu,KEN_3_239,Kisumu West,YzEDO9Mq4TR,34.657041804668395,-0.0631625933514248,84.2858598128635,88.60210018342235,100.46408013999267,142.92050447269466,263.55980835203485
Kenya,KEN_1_5,Rift Valley,KEN_2_30,Baringo,KEN_3_158,Baringo North,bqtTmWcikTN,35.80665472961702,0.742782955987293,190.61982615464572,170.71253762701215,158.97764646361873,130.79298088409806,155.56856651945637
Kenya,KEN_1_5,Rift Valley,KEN_2_33,Narok,KEN_3_179,Narok North,fNROL0qm8De,35.88865037948058,-0.8339701045847804,244.57057794196766,242.72156347697262,247.13415020699517,262.1433779848942,160.2964607988095
Kenya,KEN_1_7,Nyanza,KEN_2_44,Migori,KEN_3_257,Uriri,fCInDXluNhx,34.44984269860937,-0.9428023362354532,161.06631180522555,176.63902622931738,193.52297687746216,242.52168149246128,306.97040186922123
Kenya,KEN_1_4,Central,KEN_2_19,Nyeri,KEN_3_97,Nyeri South,dd7jowvUO95,36.80964338109366,-0.5246157605891559,319.27951961333196,309.9817078349111,307.7078719811859,301.7111367524806,68.6172459700554
Kenya,KEN_1_4,Central,KEN_2_20,Kirinyaga,KEN_3_100,Kirinyaga North/Mwea West,f6EOn3xI9YH,37.31455519887971,-0.6926372630581256,378.4231702619091,368.8592689870759,366.1062767257829,357.3859438504618,89.06041137962781
Kenya,KEN_1_6,Western,KEN_2_37,Kakamega,KEN_3_204,Mumias West ,uRl5fBkhpcE,34.45831990728158,0.288491746560655,43.02550696706179,43.69768149259069,57.149105141279065,107.93733385807676,286.52350733225626
Kenya,KEN_1_1,Coast,KEN_2_5,Lamu,KEN_3_21,LAMU EAST,cwnqFyTJIgX,41.10944017609575,-1.835924658551788,818.7262523394288,808.0444539532558,803.6157090196772,786.3238617890856,500.4196649370034
Kenya,KEN_1_2,North Eastern,KEN_2_7,Garissa,KEN_3_32,Ijara,l5E6PiIUs1J,40.43855126211798,-1.6604674584251655,741.8103435452133,731.3166102796463,727.1137234754752,710.7898121537387,424.7634970541078
Kenya,KEN_1_7,Nyanza,KEN_2_43,Homa Bay,KEN_3_247,Karachuonyo,fmsyW02tPng,34.611725884735435,-0.3948983402127665,110.57410540177885,120.60105255949114,134.96314738613603,180.06084121063103,272.87731199795405
Kenya,KEN_1_5,Rift Valley,KEN_2_26,Turkana,,Kibish,AXNntZ7T30a,35.36589491229602,4.875610627107323,509.5889063747159,486.72656809865975,466.7000111584205,412.54362885802726,566.9067587927403
Kenya,KEN_1_7,Nyanza,KEN_2_44,Migori,KEN_3_255,Suna East,nHEr5EciFh0,34.490899543167096,-1.0576552444100735,174.55331174311965,189.86075150572785,206.51142702806044,254.6714897300861,307.6200304261546
Kenya,KEN_1_5,Rift Valley,KEN_2_32,Nakuru,KEN_3_175,Nakuru West ,KTayLusaU5I,36.08372568712765,-0.3656262435810136,237.68832278184007,229.9032087100951,229.49430202410423,231.72278247875641,114.52861152953938
Kenya,KEN_1_1,Coast,KEN_2_5,Lamu,KEN_3_22,LAMU WEST,Lfxw0DfD4jN,40.5722025680316,-2.16240258920543,775.1289711760965,766.1277746035232,763.2004626048189,750.4084294286414,465.0696028901779
Kenya,KEN_1_5,Rift Valley,KEN_2_30,Baringo,KEN_3_161,Mogotio,k5sxmlXAtIg,35.976846414032345,0.1650291363867794,209.7520798435172,196.34741742610962,191.1451503938718,181.4839461288031,117.13602333225211
Kenya,KEN_1_5,Rift Valley,KEN_2_33,Narok,KEN_3_182,Narok West,ouA247cg58A,35.38715052543024,-1.3901806802402106,250.26950304786584,257.014503846412,267.75730690127693,299.2564461833701,242.737490408021
Kenya,KEN_1_4,Central,KEN_2_19,Nyeri,,Mathira West,msIc1uFAY6B,37.17189475854358,-0.319499940116994,350.99426016865806,339.188488626187,334.531318343662,320.8382828988516,44.641962344560014
Kenya,KEN_1_6,Western,KEN_2_39,Bungoma,KEN_3_221,Webuye  East,f4AOiG8fYtn,34.78664559382563,0.6578332690786584,77.68648488865826,56.940072938997226,47.987461068277206,62.811125856298624,257.7238534101744
Kenya,KEN_1_6,Western,KEN_2_39,Bungoma,KEN_3_223,Kimilili,AphsS3lJwKU,34.73449030981314,0.7827904171038359,77.37411693454268,53.62973378499874,39.68599264231862,48.61670152767146,267.2062284659935
Kenya,KEN_1_3,Eastern,KEN_2_17,Makueni,KEN_3_88,Kibwezi East ,ZhhyithPNoI,38.09053189569778,-2.580773362771656,556.9011461078807,554.8452691379475,557.9760404838966,563.9667481761405,316.02427291827775
Kenya,KEN_1_3,Eastern,KEN_2_11,Isiolo,KEN_3_50,Garbatulla,ecl4YnDebUi,38.665270245427486,0.6284820852988612,506.29792630100184,488.1467723370939,477.0721310792563,442.28560201023635,193.31555993091604
Kenya,KEN_1_5,Rift Valley,KEN_2_26,Trans Nzoia,KEN_3_140,Cherangany,f18kGo9yXWo,35.1923187026695,1.023474131646424,134.8803264458684,110.71311085665229,94.02197311338303,55.7070867066089,230.477312254648
Kenya,KEN_1_5,Rift Valley,KEN_2_34,Kajiado,KEN_3_186,Kajiado West,wYsCfCAUWNB,36.373504984965166,-1.7332684775742897,350.5637787638373,351.92094098611074,358.24151036532123,375.7278432636904,211.49000668370104
Kenya,KEN_1_6,Western,KEN_2_39,Bungoma,KEN_3_224,Tongaren,orUwYD52An3,34.92785539378564,0.7797786561084169,96.89590158629727,74.32600532897911,61.18450726660189,53.60213812469149,246.69510157725406
Kenya,KEN_1_3,Eastern,KEN_2_12,Meru,KEN_3_58,Imenti Central,OnNcTsJgfvL,37.58889887955112,-0.0280504531455007,390.202113448332,375.8090673604356,368.61979968716554,346.70220139310436,63.42740213823246
Kenya,KEN_1_6,Western,KEN_2_37,Kakamega,KEN_3_199,Lugari,ZOdhgR19Akq,34.916531461592804,0.6433054612662014,91.29966387558451,71.33509721559976,62.26238708881946,67.34786719763045,243.36972470626137
Kenya,KEN_1_5,Rift Valley,KEN_2_26,Trans Nzoia,KEN_3_138,Saboti ,y2M16lesMsF,34.84461888222074,0.9691256617007368,98.54578704739625,73.3639808670966,55.352950015786675,30.604219643829172,262.86734536058543
Kenya,KEN_1_8,Nairobi,KEN_2_47,Nairobi,KEN_3_283,Embakasi North,SSz1iOv28Jk,36.89782810663643,-1.250024595829274,363.5746587677558,359.2108086749678,360.9366231538576,365.3173047371374,145.67118340488028
Kenya,KEN_1_3,Eastern,KEN_2_17,Makueni,KEN_3_87,Kibwezi West ,toa2Hl7iVQI,37.804582317070846,-2.208846281153038,506.7189569398178,504.03033343341156,506.73738955068086,511.9546958325182,266.1350342130172
Kenya,KEN_1_6,Western,KEN_2_37,Kakamega,KEN_3_207,Butere,K7mZpm8COh7,34.52390656235935,0.2195670186019314,53.13794527436421,53.95538021815831,66.13392920665252,113.61008208528308,278.6508703641774
Kenya,KEN_1_5,Rift Valley,KEN_2_30,Baringo,KEN_3_159,Baringo Central,k7Rj54u6dMx,35.738112931447766,0.4299924439876139,180.5551462348875,164.28997453038622,156.6336696091555,142.28418216155916,149.0154947097541
Kenya,KEN_1_5,Rift Valley,KEN_2_34,Kajiado,KEN_3_183,Kajiado North,BLz1HkvvMkA,36.70207283984238,-1.3847281722115616,353.735535040745,351.1641920659089,354.38681243267683,363.17501247435047,163.9333926521116
Kenya,KEN_1_5,Rift Valley,KEN_2_23,Turkana,KEN_3_128,Turkana East,dr8gOvVAdiE,36.19242039787698,1.881601079717602,279.48848880281025,254.19302191037482,235.07310611895883,178.28362694811796,223.28941080261083
Kenya,KEN_1_7,Nyanza,KEN_2_43,Homa Bay,KEN_3_250,Ndhiwa,i2Y2fyNoFyZ,34.38390578680132,-0.7345731233266269,136.85584764463547,152.89220359637514,170.2044396945454,220.74628014619358,306.4130193532685
Kenya,KEN_1_4,Central,KEN_2_22,Kiambu,KEN_3_119,Kabete,lb5LzWiUX8Y,36.69885290750129,-1.2176028603232918,342.95918973821455,339.29239024816434,341.6717820075436,348.3116916805699,145.94456556868354
Kenya,KEN_1_3,Eastern,KEN_2_13,Tharaka-Nithi,KEN_3_62,Tharaka North,ZNXf7qiVh3t,38.10569754809066,-0.0935725130421526,448.12155792138077,433.6051587459414,426.15280502155474,402.6079068635365,121.34784133168402
Kenya,KEN_1_5,Rift Valley,KEN_2_27,Uasin Gishu,KEN_3_141,Soy,lmr1q6dTaso,35.23951846685733,0.794706261034061,130.28538715322836,108.68166147421205,95.80961387759105,73.67267288582066,214.8790356104402
Kenya,KEN_1_8,Nairobi,KEN_2_47,Nairobi,KEN_3_286,Embakasi West,aCwUX5V42Zz,36.89312555066677,-1.2725418430165003,364.45131666680817,360.2552543823335,362.1157150143876,366.86042833154943,148.21404584989295
Kenya,KEN_1_4,Central,KEN_2_21,Muranga,KEN_3_107,Kigumo,tyfDsdZ1h3R,36.89800530894584,-0.7743604961061533,338.84209306722136,331.15182452259245,330.1830898269336,327.43285456530094,93.164505726058
Kenya,KEN_1_4,Central,KEN_2_18,Nyandarua,KEN_3_89,Kinangop,RAnL5kBKMIt,36.59301833391471,-0.640202347805394,301.795925241429,294.2347710442776,293.56072680298985,292.62614343362566,90.87157074993586
Kenya,KEN_1_2,North Eastern,KEN_2_7,Garissa,,Hulugho,uyeif4CPqHt,41.00265790684355,-1.3683902650850357,792.5587212391887,780.5289336360322,774.9212919744615,754.3384130236371,469.7449289250589
Kenya,KEN_1_7,Nyanza,KEN_2_45,Kisii,KEN_3_265,Bomachoge Chache,YqYSkwmOtiR,34.70975673359986,-0.814355934242286,157.03346858573397,168.37222602348453,182.83896212736443,226.2228588863436,274.8810400308017
Kenya,KEN_1_5,Rift Valley,KEN_2_23,Turkana,KEN_3_126,Loima,OZiGQn2R8kK,35.15395999048042,2.986900527473461,303.1327300034916,279.05170843650654,258.4247939472582,202.00295084668173,386.75714530269653
Kenya,KEN_1_4,Central,KEN_2_22,Kiambu,KEN_3_121,Limuru,xhVi71INcFs,36.62700435926703,-1.142166103678299,331.6988452954679,327.8573094778046,330.1434693052014,336.76891964215656,140.1443192676066
Kenya,KEN_1_3,Eastern,KEN_2_11,Isiolo,KEN_3_49,Isiolo,I2LYLqKU6AW,37.480409413527255,0.5900235446145106,374.48620921006636,356.4416705983362,345.7292131348719,313.56104304019584,78.26140004935387
Kenya,KEN_1_5,Rift Valley,KEN_2_32,Nakuru,KEN_3_167,Njoro ,gSJXzH1DM75,35.96625062573514,-0.4792724800743251,231.18006322488893,225.27029446655507,226.51110392878573,233.56778296894788,131.75212235225388
Kenya,KEN_1_5,Rift Valley,KEN_2_32,Nakuru,KEN_3_173,Rongai ,OK0hW8DFHq3,35.992690822210726,-0.0998595558783966,218.10749846895828,207.78857161445833,205.34865597874654,202.9927696100966,115.98782285786676
Kenya,KEN_1_4,Central,KEN_2_22,Kiambu,KEN_3_116,Githunguri,E7tkGikenbD,36.79493596542749,-1.0699102046569071,343.5056619680916,338.36869914582996,339.53604447888546,342.7491452431856,127.54001333844178
Kenya,KEN_1_7,Nyanza,KEN_2_44,Migori,KEN_3_256,Suna West,VtuwXD7O1O9,34.361011446156475,-1.092171841775382,175.45593890263692,192.41287989930515,209.9745467938756,260.37919148390904,322.3943494835591
Kenya,KEN_1_6,Western,KEN_2_40,Busia,KEN_3_231,Bunyala,zI6vnsXresW,34.02099297616832,0.0816835649211661,44.02919054126793,67.81013775914153,88.79546565566928,149.1985963876222,333.9776758030823
Kenya,KEN_1_5,Rift Valley,KEN_2_35,Kericho,KEN_3_190,Ainamoi,GshNTMZJ5r1,35.278864326405305,-0.3074155500369823,155.4362644114583,153.18827956443818,158.41369619824607,180.4196773131377,198.2084642015741
Kenya,KEN_1_5,Rift Valley,KEN_2_33,Narok,KEN_3_180,Narok East,gZM3NbHaugk,36.1220478805407,-1.153166979766963,286.7887167638346,285.93998520935537,290.84901848443087,305.84762166970006,167.57429579564618
Kenya,KEN_1_7,Nyanza,KEN_2_44,Migori,KEN_3_260,Kuria East,THm2tCJa2ZQ,34.63740038276993,-1.2776809980442956,202.45415828919087,216.58406740982596,232.39344467794265,277.9260391064466,303.9095612020524
Kenya,KEN_1_1,Coast,KEN_2_2,Kwale,KEN_3_9,Matuga,wUNEDOnx9uB,39.40731651735628,-4.248508386678783,787.8047148683471,787.5073792684718,791.7888205844386,799.8067771587864,546.7662395645141
Kenya,KEN_1_5,Rift Valley,KEN_2_28,Elgeyo-Marakwet,KEN_3_148,Marakwet West,fNCuk4Lpsnh,35.43891018752878,1.010019667451351,159.15838804217486,135.9227104742775,120.34946222085831,82.04891923436155,205.86585958105996
Kenya,KEN_1_3,Eastern,KEN_2_17,Makueni,KEN_3_84,Kilome,XAy1bjurhLU,37.295122776790464,-1.8860574481175745,439.83420981005185,437.49037271604607,440.6240644694599,447.8055272107071,217.80301772546946
Kenya,KEN_1_3,Eastern,KEN_2_12,Meru,KEN_3_55,Tigania East,U3lGZ71W9Te,37.77878946325573,0.2602807669636955,408.0639013256716,391.82582382709006,382.8201522261327,355.23039978470354,86.96634686919525
Kenya,KEN_1_6,Western,KEN_2_38,Vihiga,KEN_3_214,Luanda,lkYdgjRSOoE,34.6003672234451,0.0211274379929489,73.2651254521482,77.36247344247379,89.65617120568973,134.1022971032952,269.5647183291569
Kenya,KEN_1_1,Coast,KEN_2_3,Kilifi,KEN_3_11,Kilifi North,MEkEH8ZmcOU,39.90157122664141,-3.505666819117969,780.1747605217511,776.6061393429254,778.2518867593133,778.6566164972646,508.8118981204934
Kenya,KEN_1_7,Nyanza,KEN_2_46,Nyamira,,Manga,f3AcdRzgTwz,34.86147613213338,-0.6567186350944071,149.97102865445385,157.85449194553362,170.26306111946408,209.18217976041976,253.14933691861782
Kenya,KEN_1_7,Nyanza,KEN_2_43,Homa Bay,KEN_3_251,Mbita,mCGytMcMf6y,34.25113595368861,-0.4961583587518372,108.10142499527221,125.92934497918455,144.3811490076017,198.15880055417588,314.37667146764244
Kenya,KEN_1_3,Eastern,KEN_2_12,Meru,KEN_3_56,Imenti North,BDxUGx86itV,37.70582819333801,0.0571757500762675,401.89455467166306,386.87532739741647,379.0591322875381,355.09295636724903,75.77219786028641
Kenya,KEN_1_3,Eastern,KEN_2_15,Kitui,KEN_3_67,Mwingi North,KXM9VnhuLfP,38.316029670148765,-0.4720330736318431,478.6735980890049,465.9231580646969,460.0441607808287,440.74538520816697,155.07123733327583
Kenya,KEN_1_6,Western,KEN_2_37,Kakamega,KEN_3_205,Mumias East,FBteTV1eqB6,34.57179682450656,0.3206026369021581,53.34858760538999,48.16429505838419,57.103626019454104,101.57056511603368,274.32303387241734
Kenya,KEN_1_8,Nairobi,KEN_2_47,Nairobi,KEN_3_289,Starehe ,nKHlZyN0lt9,36.83878887802447,-1.2975359270667457,360.84687172656004,357.05725215602763,359.2643844531786,365.05750700475363,151.68328544385665
Kenya,KEN_1_5,Rift Valley,KEN_2_30,Baringo,KEN_3_157,Tiaty,st4v8xfqgJf,36.20145508337962,0.8675932464535018,236.27011471778283,215.73461256902806,202.91559038511227,168.06731418653587,128.6828411909851
Kenya,KEN_1_5,Rift Valley,KEN_2_30,Baringo,,East Pokot,Mk4bMOSMRTB,35.86287965944748,1.196078662845974,210.62205036379115,187.19999566263132,170.9933952930238,125.81495246590517,181.13159964580407
Kenya,KEN_1_3,Eastern,KEN_2_16,Machakos,,Kalama,pJDgmrxMQTn,37.22476650065957,-1.6583857415231675,418.7942899356568,415.51702938169905,417.95124070211943,423.42616838601776,191.69625893110913
Kenya,KEN_1_3,Eastern,KEN_2_16,Machakos,KEN_3_81,Machakos,KXc4ez8OAFz,37.22726213777506,-1.5071204668121314,409.78112148290705,405.63637273886405,407.3872065596449,411.0498892974419,175.03680709033523
Kenya,KEN_1_2,North Eastern,KEN_2_9,Mandera,,Kutulo,iGFdm333PJ2,40.79644089331703,2.533259686152862,777.4275074310348,754.9140901805947,739.0800494713226,689.6620326998104,501.80879762881597
Kenya,KEN_1_2,North Eastern,KEN_2_9,Mandera,KEN_3_42,MANDERA SOUTH,qyhVIMG2rUw,40.69542164818055,2.981913573544189,783.0167102607436,759.6962594312755,742.9440556012709,691.0497164346676,521.9919867725979
Kenya,KEN_1_5,Rift Valley,KEN_2_27,Uasin Gishu,KEN_3_144,Ainabkoi,mYlMs4xTj82,35.45121418862183,0.3248198721262224,149.4415566038738,135.28700853991896,130.34996819338372,127.72300700791077,177.504147607692
