country,province,county,Subcounty,longitude,latitude,dist_to_busia_km,dist_to_malaba_km,dist_to_lwakhakha_km,dist_to_suam_km,dist_to_laikipia_airbase_km,County,Total,area_sqkm,adm2_ref_name,center_lat,center_lon,geometry,dist_to_quarantine_km,dist_to_border_km,hospital_count,County_Name,road_count,District Hospital,Health Centre,National Referral Hospital,Provincial General Hospital,raw_healthcare_capacity
Kenya,Coast,Mombasa,Mvita,39.66311371776794,-4.053659225098107,795.4102427474432,793.9624186717955,797.3181121152245,802.6179410244713,542.7335649076439,Mombasa,154171.0,14.71895865,Mvita,-4.05270054,39.66104458,POINT (1241032.019486925 -451007.4267066138),579.255033437835,794.1895585500251,0.0,Mombasa,711.0,0.0,2.0,0.0,1.0,162.0
Kenya,Eastern,Kitui,Kitui West,37.90094785536114,-1.232590562074689,461.43282076509473,453.5605524302072,452.0409409291285,445.6087240567532,173.09591517965066,Kitui,70871.0,630.34320095,Kitui West,-1.24036096,37.90169822,POINT (1045979.6138887546 -137603.85831304465),210.4087182175603,454.6450704210557,0.0,Kitui,302.0,0.0,0.0,0.0,0.0,31.0
Kenya,Western,Bungoma,Bumula,34.45707732801645,0.5634168194048458,39.56805538222245,21.79856254966971,27.33348263030492,79.12324637638307,291.0359842710072,Bungoma,215892.0,345.33320322,Bumula,0.56788403,34.4496374,POINT (661317.8024127198 62788.49836663973),263.49657202757083,21.14033855435153,0.0,Bungoma,75.0,0.0,3.0,0.0,0.0,17.0
Kenya,Nyanza,Kisumu,Nyakach,34.92454456719359,-0.3284447039053141,126.17635064531883,129.30404851518648,139.0388333599358,173.51330713914956,237.3312025228168,Kisumu,150320.0,402.5355251,Nyakach,-0.31892162,34.90343142,POINT (711840.231563988 -35270.01679947225),222.1374825522648,126.4168785299119,0.0,Kisumu,313.0,1.0,5.0,0.0,0.0,50.0
Kenya,Nyanza,Nyamira,Borabu,35.02203525152226,-0.7150435208157244,165.64062234610049,171.67374439418518,182.6635017759361,217.5801625496628,238.5006775059653,Nyamira,73167.0,293.28179986,Borabu,-0.69214467,35.04309531,POINT (727377.3804938742 -76551.80737555085),224.45516202626249,169.64898881424452,0.0,Nyamira,114.0,0.0,9.0,0.0,0.0,63.0
Kenya,Eastern,Makueni,Makueni,37.71076667196178,-1.928866593794347,480.3956271699358,476.7147274992352,478.66709543079895,481.993930957274,233.30511917985703,Makueni,130375.0,1979.75582989,Makueni,-1.95477062,37.6656393,POINT (1019445.6581746065 -216784.364023774),267.91982171102774,474.3654139528099,0.0,Makueni,173.0,1.0,6.0,0.0,0.0,74.0
Kenya,Coast,Kilifi,Ganze,39.52647248775703,-3.461177421749522,743.2750453533807,740.4038096732867,742.6512743130721,744.9607022939094,479.6696357133516,Kilifi,143906.0,2934.56287795,Ganze,-3.43475548,39.46525937,POINT (1219665.918520439 -382088.7637156527),510.30638402079137,733.8598251898751,0.0,Kilifi,248.0,0.0,2.0,0.0,0.0,30.0
Kenya,Central,Nyeri,Kieni West,36.77591021467927,-0.28597951163378,307.5096732904988,296.38379611938774,292.5408079897565,282.34487125927126,46.81620989005712,Nyeri,88525.0,,,,,,,,,,,0.0,3.0,0.0,0.0,43.0
Kenya,Eastern,Meru,Tigania West,37.70781065027688,0.2133495265909158,400.5179403026688,384.5834634485999,375.8916939361271,349.34946026707155,78.03249469300953,Meru,139961.0,391.49200242,Tigania West,0.17129208,37.74363395,POINT (1028453.4785465265 18998.4364177287),106.25965880211048,390.430786846315,0.0,Meru,111.0,1.0,4.0,0.0,0.0,50.0
Kenya,North Eastern,Wajir,Wajir South,40.36021044590865,0.9851579638417488,696.8026255477206,677.6880995111817,665.4650836337692,626.3233517075349,385.0896008106182,Wajir,116814.0,21580.6221263,Wajir South,0.96433624,40.23985783,POINT (1307667.074163518 107450.53748265433),391.6127235654975,667.4159589841291,0.0,Wajir,233.0,0.0,5.0,0.0,0.0,31.0
Kenya,Western,Busia,Nambale,34.313014433311295,0.4832741739639264,22.13048652133241,17.511238686673806,35.5226692251122,94.20581847817044,305.24532225509705,Busia,111636.0,232.33592381,Nambale,0.50463793,34.35705247,POINT (651014.3585743934 55793.421608389915),273.07072596423353,16.910713308437664,0.0,Busia,485.0,0.0,2.0,0.0,0.0,15.0
Kenya,Nairobi,Nairobi,Roysambu,36.88466290308144,-1.2056214876728568,359.75445060843964,355.15464267512084,356.7006208684328,360.6469607478451,140.91157392303276,,,48.10435805,Roysambu,-1.20801234,36.87854203,POINT (931821.1931100516 -133830.3490380631),167.28772449460448,354.6749243219831,0.0,Nairobi,6010.0,0.0,9.0,0.0,0.0,108.0
Kenya,Nairobi,Nairobi,Kibra,36.78790288299162,-1.3059767461212133,356.6286601083892,353.1296419520399,355.5901086029777,362.1793932218617,153.48067588565783,Nairobi,185777.0,12.33031869,Kibra,-1.30420917,36.77970908,POINT (920785.8096891767 -144470.80234972085),177.71911986121657,352.0625518563001,0.0,Nairobi,6010.0,1.0,4.0,1.0,0.0,109.0
Kenya,Rift Valley,Baringo,Koibatek,35.713319500674814,0.0162628002054266,184.66894143804944,174.1496415072619,171.96219786286088,172.72840596930115,145.8455279987858,Baringo,129535.0,,,,,,,,,,,1.0,5.0,0.0,0.0,61.0
Kenya,Rift Valley,Bomet,Chepalungu,35.25386735308468,-0.8982841126579852,197.6639623404913,202.37640439538924,212.0990391732744,242.6003825610493,223.53217334498848,Bomet,164837.0,536.54642253,Chepalungu,-0.89520258,35.24233177,POINT (749549.2430797697 -99023.18594776842),218.241454732734,200.409827820414,0.0,Bomet,92.0,0.0,3.0,0.0,0.0,41.0
Kenya,Coast,Kilifi,Rabai,39.604401178715065,-3.90847177007306,780.2243493446979,778.5039306886443,781.6522480714984,786.4116158313121,525.6428570298499,Kilifi,120813.0,233.9353371,Rabai,-3.88552252,39.62677311,POINT (1237351.9143759394 -432372.88886062265),561.703069623589,779.2813291114571,0.0,Kilifi,248.0,0.0,1.0,0.0,0.0,19.0
Kenya,Nairobi,Nairobi,Dagoretti South,36.71644049646568,-1.2857317416637335,348.7719860237698,345.480300656069,348.14066335559147,355.44911864014955,152.84497951482953,,,,,,,,,,,,,0.0,6.0,0.0,0.0,37.0
Kenya,Rift Valley,Turkana,Turkana Central,35.91377632535013,3.083590426919693,353.08008311917376,327.4602621498046,306.3176675153973,245.35781003230244,358.7875661138367,Turkana,185305.0,6615.80675614,Turkana Central,3.13173735,35.85090782,POINT (816894.9419502176 346585.52099429106),330.87842086412115,327.89992128910427,0.0,Turkana,174.0,1.0,3.0,0.0,0.0,58.0
Kenya,Western,Vihiga,Emuhaya,34.6152590721542,0.0854824380405634,69.94247854049517,71.97245308832332,83.31164918426758,126.81178704038958,267.9070650644882,Vihiga,97141.0,89.18223968,Emuhaya,0.07965083,34.61336062,POINT (679550.3599504463 8807.324927325735),244.822615729352,71.85648459301106,0.0,Vihiga,112.0,0.0,6.0,0.0,0.0,64.0
Kenya,Eastern,Kitui,Mwingi West,37.96832543687783,-0.9785249638959406,457.6201948858884,448.1947620747037,445.3367678037573,435.0815512732532,155.5463383954611,,,1180.62622373,Mwingi West,-0.95405507,37.97976817,POINT (1054750.4079930591 -105854.02759854626),191.4767658222086,449.1378681858434,0.0,Kitui,302.0,0.0,3.0,0.0,0.0,35.0
Kenya,Rift Valley,Laikipia,Laikipia East,36.90205096785818,-0.0186945216552568,314.59473889779247,301.04631864999385,294.93565789317194,277.8847383874583,15.819113646132056,Laikipia,102815.0,3222.26016449,Laikipia East,0.3502711,36.50514369,POINT (890272.6304033576 38788.53452294034),33.34500679083012,250.8560093052402,0.0,Laikipia,104.0,1.0,1.0,0.0,0.0,46.0
Kenya,Coast,Mombasa,Kisauni,39.68716497211038,-3.9730088442289015,791.8769677433505,790.1472454506401,793.2787777654411,797.9421815829027,536.6822253460466,Mombasa,291930.0,89.52658136,Kisauni,-3.98203278,39.70410654,POINT (1245909.196208466 -443182.37542206334),575.4508886463813,792.7947354186493,0.0,Mombasa,711.0,0.0,3.0,0.0,0.0,137.0
Kenya,Nairobi,Nairobi,Dagoretti North,36.78030824598539,-1.2813816348618705,354.41884855357347,350.7934765431402,353.15970580383754,359.5272128280679,150.936547814762,,,,,,,,,,,,,0.0,12.0,1.0,0.0,125.0
Kenya,Eastern,Marsabit,North Horr,37.50948493288311,3.291319194536966,490.8975991055384,465.13407097270095,445.0512074443826,385.1153740927381,363.9987152784145,Marsabit,71447.0,40557.27319193,North Horr,3.17623824,37.53880652,POINT (1004813.4097453039 352183.0015538347),329.238580255524,460.38024396909566,0.0,Marsabit,97.0,0.0,3.0,0.0,0.0,15.0
Kenya,Eastern,Meru,Igembe North,37.98083288286449,0.4624786841139187,429.8804545047471,412.5027345318284,402.3281688446375,370.9683749893261,115.6468906711159,Meru,169317.0,1075.9141978,Igembe North,0.48895772,37.97755227,POINT (1054559.5249793408 54250.495182873594),133.07824545301258,413.5240394566591,0.0,Meru,111.0,0.0,2.0,0.0,0.0,36.0
Kenya,Eastern,Kitui,Kitui Central,38.017454906908455,-1.3577959330145002,479.003399833662,471.4929791447609,470.2438161814,464.3816386567812,191.91567474819013,Kitui,105991.0,728.55883756,Kitui Central,-1.38671151,37.93739911,POINT (1049933.9199862257 -153848.09715337868),225.99326517245484,465.74169864426887,0.0,Kitui,302.0,1.0,1.0,0.0,0.0,99.0
Kenya,Western,Busia,Teso South,34.21682891930856,0.5385244882009161,13.902236339757582,12.631517932648594,33.773484351871296,94.94814886344898,316.7993719715873,Busia,168116.0,304.31938202,Teso South,0.53850794,34.23401264,POINT (637319.3729785583 59535.224981917585),287.0397888481963,10.879177903736108,0.0,Busia,485.0,0.0,3.0,0.0,0.0,27.0
Kenya,Central,Kiambu,Kikuyu,36.610983106760365,-1.248551997327191,336.75239986168503,333.7345308588363,336.66734443230285,344.99173301888425,151.9456924080882,Kiambu,187122.0,174.30738296,Kikuyu,-1.23320913,36.60227311,POINT (901016.3989730615 -136578.45654827924),171.24762291676964,331.61974375636896,0.0,Kiambu,1758.0,0.0,4.0,0.0,0.0,91.0
Kenya,Central,Nyandarua,Kipipiri,36.4886198898534,-0.3976968861690205,280.9086299448941,271.65935250045874,269.64475218993994,265.57671111467045,77.91551605828164,Nyandarua,93855.0,941.17643752,Kipipiri,-0.42284038,36.52797338,POINT (892814.437559659 -46825.9116267332),85.61365946065042,277.1555077176285,0.0,Nyandarua,91.0,0.0,4.0,0.0,0.0,26.0
Kenya,Rift Valley,Kericho,Belgut,35.21952200459171,-0.4006659121677633,156.16500137318505,155.94973561248807,162.6911505890662,188.20519097211505,206.95905591371675,Kericho,145072.0,382.72892633,Belgut,-0.39899874,35.36976437,POINT (763764.8041861856 -44139.35803021718),177.17374969186213,167.15393376117453,0.0,Kericho,98.0,1.0,4.0,0.0,0.0,80.0
Kenya,North Eastern,Wajir,Eldas,39.55108637502611,2.2363091706912788,635.5456159521755,612.8691266227912,596.909997384127,547.4643787747683,371.19343449893006,Wajir,89104.0,4740.82975285,Eldas,2.19434654,39.13907426,POINT (1183942.5735073104 243949.48066329057),335.28136610476207,569.9268265251043,0.0,Wajir,233.0,0.0,1.0,0.0,0.0,11.0
Kenya,Eastern,Meru,Igembe South,37.97159791677994,0.173700831273404,430.093548266525,414.2349412119247,405.5447093773624,378.5820547283336,106.16246548161924,Meru,161646.0,839.06397407,Igembe South,0.0993504,38.14508022,POINT (1073293.9650419462 11025.929843136959),151.7757938774591,435.9316265076841,0.0,Meru,111.0,1.0,3.0,0.0,0.0,62.0
Kenya,Western,Bungoma,Cheptais,34.53832940639163,0.8360302491807317,62.51336746923887,36.76215381012698,18.3922212656724,47.78754922405531,289.7861374519073,Bungoma,136035.0,,,,,,,,,,,0.0,1.0,0.0,0.0,21.0
Kenya,Eastern,Machakos,Yatta,37.581892379090135,-1.238139011348626,429.5845000663302,422.6435917551896,422.0005684391676,418.52014983209546,156.46972181121498,Machakos,172583.0,1060.93373705,Yatta,-1.2419429,37.58482105,POINT (1010605.123251253 -137715.7354324749),192.01942086464445,423.5218922998726,0.0,Machakos,418.0,1.0,3.0,0.0,0.0,60.0
Kenya,Central,Kiambu,Lari,36.666543498943966,-0.9497454955104082,324.50874658227605,319.0728341908011,320.07742224343826,323.2715448458263,118.48154446179367,Kiambu,135303.0,465.93739853,Lari,-0.91486224,36.64883462,POINT (906248.9330364543 -101326.6068634103),135.61662716525717,315.3085634154018,0.0,Kiambu,1758.0,0.0,3.0,0.0,0.0,56.0
Kenya,Eastern,Meru,Igembe Central,38.08343056798846,0.1906531548122015,442.3589407482386,426.352988590526,417.4938973895562,389.87513938812,118.73626946402418,Meru,221412.0,802.36163426,Igembe Central,0.32473651,37.86886109,POINT (1042431.291045668 36024.010233218505),119.31243940726792,402.5160330583273,0.0,Meru,111.0,0.0,2.0,0.0,0.0,40.0
Kenya,Central,Muranga,Mathioya,36.86552028427232,-0.6342125089781887,329.4469656425848,320.8164278981989,319.07736971479943,314.3505720827381,78.52760479579483,Murang'a,92814.0,279.71824441,Mathioya,-0.63596023,36.99642543,POINT (945038.2393666185 -70465.22777190463),105.98236856554352,334.47860932688343,0.0,Murang'a,102.0,0.0,1.0,0.0,0.0,36.0
Kenya,Central,Muranga,Kandara,37.01015003762441,-0.8828118494666687,355.1891340396461,347.87606207020485,347.16174287344995,344.7740589772385,104.16965627169408,Murang'a,175098.0,209.94400921,Kandara,-0.8811687,37.02618767,POINT (948332.6948489019 -97638.24690273101),133.27138897544847,349.62994016697377,0.0,Murang'a,102.0,0.0,0.0,0.0,0.0,59.0
Kenya,Eastern,Machakos,Kathiani,37.29930031840932,-1.4230349223568863,411.7219053200168,406.8125772387362,407.9263028016617,409.7432038911456,167.047645597157,Machakos,111890.0,206.01112188,Kathiani,-1.42083824,37.30890196,POINT (979781.4311020888 -157493.6199953126),198.95584430136515,407.61415548111785,0.0,Machakos,418.0,1.0,3.0,0.0,0.0,35.0
Kenya,Rift Valley,Bomet,Sotik,35.13683493685297,-0.7608840232289632,177.59675007012697,182.51847494848528,192.60482059703065,224.82998211728616,228.60171179369115,Bomet,227855.0,475.53823377,Sotik,-0.76531307,35.1444925,POINT (738663.2645598792 -84649.81761472565),218.93416930287927,182.43916464042803,0.0,Bomet,92.0,0.0,3.0,0.0,0.0,48.0
Kenya,Nairobi,Nairobi,Embakasi South,36.89257210108842,-1.329393009032679,367.7910059512611,363.96468435539975,366.115724221238,371.6189458042346,154.51194835976708,,,17.54934931,Embakasi South,-1.33572978,36.87388975,POINT (931281.163929848 -147978.80692359465),181.39364620089785,362.5450543869927,0.0,Nairobi,6010.0,0.0,5.0,0.0,0.0,38.0
Kenya,Eastern,Tharaka-Nithi,Tharaka South,37.92686307738444,-0.1960765207769875,430.2427529084553,416.47199234876615,409.7590035064436,388.624624563632,104.12770054216146,Tharaka Nithi,75250.0,,,,,,,,,,,1.0,2.0,0.0,0.0,38.0
Kenya,Western,Busia,Butula,34.29711023781375,0.349183090420268,24.10946073808038,31.99828690339291,50.49827685956412,108.20190225521084,305.0308711939323,Busia,140334.0,242.96638872,Butula,0.34422513,34.29268459,POINT (643853.1373913316 38056.97471991484),279.3400365932959,31.695404560910543,0.0,Busia,485.0,1.0,3.0,0.0,0.0,35.0
Kenya,North Eastern,Wajir,Wajir West,39.48354284160695,1.733620724004797,613.2731841511228,591.7516929740104,577.0819788443772,531.3152368917863,331.1096693792958,Wajir,121828.0,8124.32104518,Wajir West,1.64850455,39.67596986,POINT (1244257.4459688787 183461.46945944423),354.5105691969092,613.5825072567987,0.0,Wajir,233.0,1.0,4.0,0.0,0.0,33.0
Kenya,Central,Kiambu,Gatundu North,36.805520989120296,-0.9026885329087913,335.6995183224725,329.3132517155321,329.46879995601785,329.99348580154185,109.11649999588084,Kiambu,109870.0,234.53556586,Gatundu North,-0.91616735,36.84955538,POINT (928629.3526941324 -101494.60656133549),134.83849310923668,334.4191763796757,0.0,Kiambu,1758.0,0.0,1.0,0.0,0.0,35.0
Kenya,Nyanza,Nyamira,Nyamira,34.92990224402543,-0.5869318679538756,148.10409847085273,154.26417803560864,165.58631690840318,202.130278580004,243.55104936178543,,,,,,,,,,,,,1.0,20.0,0.0,0.0,79.0
Kenya,Eastern,Machakos,Matungulu,37.24857327614912,-1.2098639123618455,395.17100467602825,389.1621344523691,389.4090316637713,389.0146233162953,142.717539678538,Machakos,161557.0,581.41586151,Matungulu,-1.20644343,37.25313449,POINT (973600.8651924857 -133719.0663777503),174.40753062022554,389.574715454271,0.0,Machakos,418.0,0.0,5.0,0.0,0.0,64.0
Kenya,Nyanza,Siaya,Rarieda,34.338599985354534,-0.2216288028829794,80.4542749275751,95.63691535570604,113.25018925896126,166.14492783164036,300.2141213314794,Siaya,152570.0,679.163389,Rarieda,-0.24595225,34.35461642,POINT (650747.6511766841 -27192.765938190147),279.02523885246404,97.30152130887735,0.0,Siaya,615.0,0.0,11.0,0.0,0.0,55.0
Kenya,Coast,Taita Taveta,Wundanyi,38.187407082398686,-3.0414633644949216,597.5471252500357,596.9354924410511,601.1625406011867,610.0085861949009,367.6604583026232,,,850.95271696,Wundanyi,-3.29923698,38.26943486,POINT (1086217.8647073891 -366223.5859191232),431.4578281606556,622.83129150225,0.0,Taita Taveta,282.0,0.0,5.0,0.0,0.0,31.0
Kenya,Eastern,Embu,Mbeere South,37.61019398101973,-0.7458163780195909,411.382432302133,401.4223449563251,398.2151662471986,387.605383526108,110.22792904790684,Embu,163476.0,,,,,,,,,,,0.0,4.0,0.0,0.0,42.0
Kenya,Central,Nyeri,Tetu,36.89539615330705,-0.4571456859280668,325.80379647090217,315.7120847810943,312.70510321637965,304.4214729064924,58.60820451583618,Nyeri,80453.0,358.51357373,Tetu,-0.45314156,36.82206294,POINT (925604.5581188452 -50198.16364480108),83.46678971187866,308.5129340932227,0.0,Nyeri,222.0,0.0,3.0,0.0,0.0,51.0
Kenya,Nyanza,Migori,Nyatike,34.22267100620248,-0.938876867016746,156.72016780012802,175.22606795294547,193.69019528167453,246.6303056251361,330.50578938176426,Migori,176162.0,1214.09404956,Nyatike,-0.92785394,34.13412083,POINT (626191.1085999291 -102576.05510149602),326.5416715633589,172.8906467881713,0.0,Migori,87.0,0.0,1.0,0.0,0.0,59.0
Kenya,Rift Valley,Nandi,Nandi East,35.26078877478423,0.1046265388876354,133.63588067880846,124.5281894818666,124.70435858064666,137.2824710973222,196.1855290532936,Nandi,119173.0,,,,,,,,,,,1.0,1.0,0.0,0.0,51.0
Kenya,Central,Nyeri,Mathira East,37.13895807807,-0.4608818044790119,351.7309933322349,341.01428631056405,337.3373717148516,326.4859786963547,58.64134168497952,Nyeri,99065.0,,,,,,,,,,,1.0,0.0,0.0,0.0,66.0
Kenya,Rift Valley,Elgeyo-Marakwet,Marakwet East,35.577543050951775,1.1538478250558803,179.711120526446,155.84181058516415,139.19124249320245,94.35378550547064,202.0869027931901,Elgeyo Marakwet,97041.0,810.53666154,Marakwet East,1.13445213,35.5893243,POINT (788169.5580024257 125520.19670809912),163.51493287307997,157.11602373830132,0.0,Elgeyo-Marakwet,48.0,0.0,10.0,0.0,0.0,59.0
Kenya,Rift Valley,Laikipia,Laikipia North,36.87652168148772,0.425017266101266,307.1257324741088,290.2141340842016,280.876305239122,254.3551411754426,44.42172103118181,Laikipia,36184.0,4916.20032584,Laikipia North,0.42846094,37.08918117,POINT (955400.183684071 47479.49762758137),35.255522059584074,314.85942815851854,0.0,Laikipia,104.0,0.0,0.0,0.0,0.0,16.0
Kenya,Nairobi,Nairobi,Embakasi Central,36.91506265088635,-1.2688262265545622,366.3034462633236,361.9872249491475,363.7419690933468,368.1524121699796,147.58199561000717,,,8.18237804,Embakasi Central,-1.26961166,36.90936602,POINT (935248.2724036081 -140659.86116382686),174.31267807052467,361.41828016562624,0.0,Nairobi,6010.0,0.0,11.0,0.0,0.0,75.0
Kenya,Eastern,Machakos,Mwala,37.5243363379074,-1.4200078709985484,433.26513361652246,427.5461375094733,427.92420884463775,427.3232891275063,173.0605862241496,Machakos,181896.0,1018.84002522,Mwala,-1.40123239,37.52209964,POINT (1003572.9883096748 -155365.3136912509),205.0287207884443,426.4480468443098,0.0,Machakos,418.0,1.0,6.0,0.0,0.0,64.0
Kenya,Rift Valley,Trans Nzoia,Kwanza,34.98015062241204,1.1449142885040056,122.27547339177733,96.6824384543795,77.38978914123885,28.88680192273754,257.6433239488631,Trans Nzoia,203821.0,464.80596041,Kwanza,1.14000894,34.98291413,POINT (720649.6272692207 126081.39540571958),222.77324078048,97.35082738474904,0.0,Trans Nzoia,161.0,1.0,3.0,0.0,0.0,41.0
Kenya,Western,Vihiga,Vihiga,34.692115329411,0.032403273278836,80.31889881327466,81.59218264372917,91.82978938239388,132.12694900930373,259.34916339973546,Vihiga,95292.0,89.52488194,Vihiga,0.03155753,34.69029154,POINT (688114.5727325256 3489.583898624543),236.91139140977373,81.03621157486411,0.0,Vihiga,112.0,1.0,5.0,0.0,0.0,31.0
Kenya,Nairobi,Nairobi,Makadara,36.86911962206104,-1.2953780765491516,363.552904578479,359.612095031709,361.6852697001097,367.048306196461,151.0229901826753,Nairobi,189536.0,11.99723439,Makadara,-1.29457182,36.86337877,POINT (930116.2525404467 -143417.3236735634),176.78714049581822,358.88730390813055,0.0,Nairobi,6010.0,0.0,3.0,0.0,0.0,70.0
Kenya,Rift Valley,Laikipia,Laikipia West,36.471738572120834,0.3004355407477314,262.7336900744988,247.0929119852747,239.25864672022288,218.85294059565496,67.29002444244969,Laikipia,129263.0,1398.45986962,Laikipia West,-0.07508303,36.76914131,POINT (919715.5753726782 -8317.041783196779),41.69143798397788,289.10521117063314,0.0,Laikipia,104.0,1.0,3.0,0.0,0.0,38.0
Kenya,Rift Valley,Nakuru,Naivasha,36.39326921775048,-0.8739418001814807,293.9437698213912,289.2567049882412,291.0433755648454,297.24774871667,124.7757392138154,Nakuru,355383.0,1721.77461041,Naivasha,-0.88111109,36.36367928,POINT (874465.8388726104 -97558.50509174385),139.5585908884519,286.9058352927336,0.0,Nakuru,649.0,1.0,7.0,0.0,0.0,123.0
Kenya,Nairobi,Nairobi,Embakasi East,36.93538849714291,-1.3003257169562572,370.072876912397,365.8718619769796,367.7074022526512,372.2759202012112,150.9079042979433,,,85.84392988,Embakasi East,-1.3105678,36.93772427,POINT (938403.4877696483 -145202.34749184223),179.08557472680175,366.6322843762552,0.0,Nairobi,6010.0,0.0,7.0,0.0,0.0,41.0
Kenya,Rift Valley,Kericho,Bureti,35.13193225632101,-0.5663917166072369,161.1901303875433,164.18833647587766,173.15981648079463,203.56882659629028,221.4451738323237,Kericho,199470.0,,,,,,,,,,,1.0,3.0,0.0,0.0,58.0
Kenya,Central,Nyeri,Nyeri Central,36.96824254216052,-0.4212290024161258,332.2929019911232,321.7218906819264,318.25763879421874,308.48350368735294,53.199675962077286,Nyeri,140338.0,,,,,,,,,,,0.0,6.0,0.0,1.0,152.0
Kenya,Coast,Mombasa,Changamwe,39.616681007276135,-4.0288821406974975,789.6759904015221,788.2677004624069,791.6596511355921,797.0874982796958,537.6374871546798,,,22.76489827,Changamwe,-4.01733732,39.5916343,POINT (1233307.9353649972 -447008.92271234107),571.68951411971,785.738237418161,0.0,Mombasa,711.0,1.0,4.0,0.0,0.0,99.0
Kenya,Coast,Kilifi,Kaloleni,39.52438629303823,-3.764506405664457,763.3489060076755,761.3993039605883,764.3767056678217,768.7115541089036,507.3863444467181,Kilifi,193682.0,668.30555634,Kaloleni,-3.77395542,39.51836377,POINT (1225331.5195162394 -419866.1639780745),544.6202547223392,762.0327572078149,0.0,Kilifi,248.0,1.0,1.0,0.0,0.0,44.0
Kenya,Eastern,Machakos,Athi River,37.057486714604615,-1.4342996576436975,389.51950285020615,385.6327387016155,387.6586520764445,392.4251459386966,165.52113638456788,Machakos,322499.0,,,,,,,,,,,0.0,2.0,0.0,0.0,58.0
Kenya,Eastern,Machakos,Masinga,37.60756211645557,-0.9471606319840336,418.9763119181032,410.245930561192,408.0944408010435,400.4231130902602,128.82166811166005,Machakos,148522.0,1406.42807994,Masinga,-0.94995884,37.60357685,POINT (1012748.3201510739 -105341.16664804766),165.0159664302016,410.584414689647,0.0,Machakos,418.0,1.0,6.0,0.0,0.0,62.0
Kenya,Coast,Kilifi,Kilifi South,39.74432297651172,-3.809988124338312,785.7824760946497,783.4564157854276,786.1107673164192,789.4148623596344,525.2928284614,Kilifi,206753.0,424.28402133,Kilifi South,-3.81279831,39.74954662,POINT (1251139.8155399382 -424387.4059578541),563.0207562135249,784.8257436088593,0.0,Kilifi,248.0,0.0,4.0,0.0,0.0,47.0
Kenya,Central,Kirinyaga,Kirinyaga East,37.36172218418957,-0.482377168177764,376.14615803645233,365.0603325210583,360.9617385434464,348.3772196965117,70.44679396620069,Kirinyaga,135559.0,,,,,,,,,,,0.0,4.0,0.0,0.0,57.0
Kenya,North Eastern,Garissa,Garissa,39.683061019071694,-0.3030220944901227,625.0512581634601,610.3393411159356,602.4310755171117,576.0232925379355,298.2805829130698,Garissa,163914.0,,,,,,,,,,,0.0,4.0,0.0,1.0,122.0
Kenya,North Eastern,Garissa,Dadaab,40.33331156473981,0.0888659247453394,692.7418312112609,676.3801451595892,666.8519331287076,635.4258442813609,367.95442962712457,Garissa,185252.0,6925.1749762,Dadaab,0.06314251,40.26079878,POINT (1310130.5748954695 7035.946551822424),387.8647438137097,671.7328998268115,0.0,Garissa,66.0,0.0,4.0,0.0,0.0,46.0
Kenya,Central,Nyeri,Mukurweini,37.083595011949775,-0.5785707927840212,349.9735343215679,340.251635857033,337.46641374693456,329.2393434755426,70.63488637480033,,,,,,,,,,,,,1.0,3.0,0.0,0.0,55.0
Kenya,Western,Vihiga,Hamisi,34.82112139462037,0.0947054168602671,88.75934930084442,85.50754823618773,92.26324169633683,125.52407667034208,245.0352047515485,Vihiga,159241.0,186.65449763,Hamisi,0.09273769,34.83379077,POINT (704089.8159928976 10255.588919112124),220.2634052370028,86.41521395960046,0.0,Vihiga,112.0,0.0,7.0,0.0,0.0,44.0
Kenya,Nyanza,Siaya,Gem,34.453182459052506,0.0461517158904434,60.00160973666737,68.52590328106255,83.81063066985486,134.1414890074398,285.9075347935839,Siaya,179792.0,402.97620465,Gem,0.0401974,34.46389389,POINT (662912.5436822068 4444.480839061749),261.826419529545,68.68805959408645,0.0,Siaya,615.0,0.0,11.0,0.0,0.0,67.0
Kenya,Central,Kiambu,Ruiru,37.00344993075991,-1.1853669229241932,370.001908522442,364.7699135052556,365.7532611456401,367.9063947472557,137.81988118881603,Kiambu,371111.0,153.11843811,Ruiru,-1.19431299,37.01984706,POINT (947581.3099418315 -132335.3314885842),167.36052567769295,366.8693123115799,0.0,Kiambu,1758.0,0.0,4.0,0.0,0.0,132.0
Kenya,Rift Valley,Turkana,Turkana West,34.70493141110592,3.995653099269475,397.87530729656936,376.6059571862023,357.62508213751767,308.6525436665597,508.4479395856585,Turkana,239627.0,14684.24807286,Turkana West,4.05175781,34.59598106,POINT (677174.6611032898 448022.85624334845),482.2401796213648,380.0664571140397,0.0,Turkana,174.0,0.0,2.0,0.0,0.0,48.0
Kenya,Rift Valley,West Pokot,Pokot South,35.301467767299265,1.3363523898748393,163.60621848520825,138.15334047147272,118.96989593832753,64.68002739658861,238.81343193768345,West Pokot,80661.0,1267.74716967,Pokot South,1.33881199,35.29046562,POINT (754870.6424408345 148098.29751519836),203.74637561198176,138.01145363731453,0.0,West Pokot,175.0,0.0,1.0,0.0,0.0,32.0
Kenya,Rift Valley,Bomet,Bomet Central,35.31754289455869,-0.7234029193703049,188.1266588584577,190.5003817993155,198.6612963871252,225.71033613811488,208.5436130544691,Bomet,175215.0,268.95050205,Bomet Central,-0.73095473,35.3145147,POINT (757597.2376387125 -80858.90655042666),201.0598979544076,190.19235616293787,0.0,Bomet,92.0,0.0,2.0,0.0,0.0,35.0
Kenya,Central,Muranga,Muranga South,37.18074055794144,-0.8746920183481931,372.1058750198096,364.15778014454577,362.8340257151736,358.3562707655063,104.70782418450436,,,,,,,,,,,,,1.0,5.0,0.0,0.0,61.0
Kenya,Western,Kakamega,Khwisero,34.579474357505454,0.145479286554913,62.80284967673816,64.20565299393014,75.74135099483132,120.6694091523542,272.05353497458844,Kakamega,113476.0,144.41635742,Khwisero,0.14643576,34.58160359,POINT (676014.8154517105 16191.76181246372),247.7235055242051,63.72970720795158,0.0,Kakamega,179.0,0.0,10.0,0.0,0.0,47.0
Kenya,North Eastern,Garissa,Fafi,40.41104429994281,-0.6693498941710406,711.408216946738,697.5530524866447,690.3544060394962,665.5397975118708,385.0615733131956,Garissa,134040.0,16583.39556049,Fafi,-0.78190234,40.43502257,POINT (1329601.8230538326 -87161.4555095466),423.90633204069246,705.9170027796329,0.0,Garissa,66.0,1.0,5.0,0.0,0.0,37.0
Kenya,Coast,Kilifi,Magarini,39.73511213327426,-2.903460577888896,728.4887010089382,723.3667438420428,723.774334374793,720.8299966344424,445.9979114059265,Kilifi,191610.0,6977.00857145,Magarini,-2.82928574,39.80753064,POINT (1258380.2183921984 -314955.46327944763),483.335488153283,727.1056764471144,0.0,Kilifi,248.0,0.0,2.0,0.0,0.0,38.0
Kenya,Nyanza,Siaya,Ugunja,34.33632255570417,0.1920842106347948,39.21320167077383,49.84091795885013,67.32164653036163,122.44925317436396,299.2944924511541,Siaya,104241.0,199.17755302,Ugunja,0.2070586,34.3402606,POINT (649150.175374228 22892.50268385332),274.1963687332561,47.40937245655393,0.0,Siaya,615.0,0.0,3.0,0.0,0.0,29.0
Kenya,Rift Valley,Elgeyo-Marakwet,Keiyo South,35.58688917276641,0.3546833405463853,164.1664064857279,149.1884729487918,143.1174444303944,135.2965171297609,163.30431494735657,Elgeyo Marakwet,120750.0,886.31159151,Keiyo South,0.37935425,35.57177296,POINT (786264.4913561231 41972.60765319999),137.16575455477758,147.56125271832596,0.0,Elgeyo-Marakwet,48.0,0.0,5.0,0.0,0.0,61.0
Kenya,Eastern,Embu,Manyatta,37.457525319167935,-0.3965216944336675,383.88668843896346,372.03729618796166,367.2227681937967,352.40240163536845,69.48344904148674,,,358.12934808,Manyatta,-0.37145568,37.44821558,POINT (995465.9860730546 -41181.89953401817),103.76365869629952,371.08176431269055,0.0,Embu,66.0,0.0,5.0,0.0,1.0,114.0
Kenya,Central,Kirinyaga,Kirinyaga West,37.20390699960981,-0.5648686180418026,362.13458241085925,351.9895454608851,348.781960402272,339.068915637209,71.64064087277268,Kirinyaga,114660.0,,,,,,,,,,,0.0,6.0,0.0,0.0,69.0
Kenya,Rift Valley,Nandi,Tinderet,35.25173175525386,-0.0235124187934117,137.6675912300615,131.05234529958133,133.22402804684256,149.88763166966862,197.2995568065944,Nandi,115931.0,541.6892369,Tinderet,-0.00821077,35.26049585,POINT (751602.3099091572 -908.2483257416008),174.91347507784386,130.92096554738586,0.0,Nandi,45.0,0.0,2.0,0.0,0.0,24.0
Kenya,Coast,Taita Taveta,Voi,38.780039940361206,-3.4863760593762096,679.710012407154,678.8253587740018,682.7368402127689,690.177709577677,439.3547633325405,Taita Taveta,111831.0,8581.29248601,Voi,-3.33802243,38.79424364,POINT (1144767.5072491074 -370859.21290162165),460.8728893638855,668.9592049772413,0.0,Taita Taveta,282.0,1.0,6.0,0.0,0.0,50.0
Kenya,North Eastern,Mandera,Mandera East,41.60375472484237,3.723160506175908,907.4639719508572,883.6307309939523,866.246536152246,812.5572136015694,652.2129072603713,Mandera,159638.0,2551.35587059,Mandera East,3.68396832,41.50129619,POINT (1447517.2618409933 411736.81456044747),646.7031029709619,875.7698281371901,0.0,Mandera,29.0,1.0,3.0,0.0,0.0,69.0
Kenya,Coast,Taita Taveta,Taveta,37.94571194092585,-3.4969732565018465,612.7723485334603,614.5184402941707,620.5776549611895,634.6076446931634,407.89715887369374,Taita Taveta,91222.0,4007.26942629,Taveta,-3.43898577,37.85891485,POINT (1040356.1879979814 -381492.7482095944),430.9687078318102,602.2946424852588,0.0,Taita Taveta,282.0,1.0,2.0,0.0,0.0,23.0
Kenya,North Eastern,Wajir,Wajir East,40.66473846800285,1.948276701799555,746.5602868133592,725.140931484977,710.5093376732796,664.4535510183243,456.2444864367368,Wajir,110654.0,4279.58031917,Wajir East,2.00619507,40.7082978,POINT (1359827.166949199 223779.88625456335),476.4387769935582,734.8501940684328,0.0,Wajir,233.0,1.0,2.0,0.0,0.0,88.0
Kenya,Eastern,Marsabit,Moyale,38.82571736320858,3.1332377413166976,601.6846546434591,576.9187693289244,558.417413863675,502.2043464546867,396.6367345890288,Marsabit,108949.0,9343.76584728,Moyale,2.90294072,38.84777847,POINT (1151014.9175371802 322551.9014535994),368.27626460973926,568.9861792756092,0.0,Marsabit,97.0,1.0,2.0,0.0,0.0,49.0
Kenya,Eastern,Meru,Imenti South,37.503773944879725,-0.1039920761789426,382.1444561765289,368.3280150449177,361.7053428544787,341.6045161360472,56.12085140458672,Meru,206506.0,,,,,,,,,,,1.0,5.0,0.0,0.0,95.0
Kenya,Rift Valley,Bomet,Konoin,35.369088108288324,-0.5279584650645042,177.98825490674585,177.6343271348152,183.91700767002743,206.8930510951459,195.10024574127783,Bomet,163507.0,851.37474055,Konoin,-0.53784544,35.37821147,POINT (764700.3296847896 -59499.68945352566),183.59207191464745,178.61150407979324,0.0,Bomet,92.0,0.0,4.0,0.0,0.0,41.0
Kenya,Rift Valley,Nakuru,Nakuru North,36.15294691652798,-0.2214469373736003,239.1987419224368,229.55651575292765,227.5121639024835,225.10601661708515,101.622875652621,Nakuru,218050.0,,,,,,,,,,,1.0,10.0,0.0,0.0,67.0
Kenya,Rift Valley,Nakuru,Subukia,36.18009343943397,-0.0186532118760578,235.90721254131816,223.99466312624745,219.92659183422165,211.9324555449057,94.2285893900012,Nakuru,85164.0,454.25502196,Subukia,0.02495213,36.22202038,POINT (858720.5575385098 2762.3561645644),71.27258731503805,227.4556854291476,0.0,Nakuru,649.0,0.0,3.0,0.0,0.0,38.0
Kenya,Rift Valley,Samburu,Samburu Central,36.71699389477183,1.0876581571737844,297.4663435291945,276.10975617425186,262.08395727804566,221.23311113072532,119.922710212642,Samburu,164942.0,,,,,,,,,,,1.0,1.0,0.0,0.0,55.0
Kenya,Central,Muranga,Kiharu,37.08914455052345,-0.717262783884263,355.9630944191898,347.2172319059274,345.26383358334937,339.3050793951616,86.05105839357523,,,305.68805263,Kiharu,-0.71004561,37.1025049,POINT (956864.3247687896 -78684.37052279626),116.88436905568793,348.6691324991046,0.0,Murang'a,102.0,1.0,2.0,0.0,0.0,61.0
Kenya,North Eastern,Mandera,Mandera West,40.138825351159646,3.445361559533836,746.8607437625229,722.5604363044214,704.6335882803093,649.7088082983907,511.8564065783969,Mandera,98300.0,5174.64427828,Mandera West,3.457671,40.05793672,POINT (1285940.5655554468 385111.9980003064),505.4058066803861,717.6685524358063,0.0,Mandera,29.0,1.0,2.0,0.0,0.0,21.0
Kenya,Rift Valley,West Pokot,West Pokot,35.148902824471406,1.5125178790356626,163.5582278855187,137.60932956463682,117.02467470888362,56.67406363295821,264.1718238004123,West Pokot,184446.0,,,,,,,,,,,1.0,4.0,0.0,0.0,64.0
Kenya,Nyanza,Migori,Rongo,34.59701281552197,-0.7757880007715855,148.1709791726134,161.0260176095127,176.47735317191157,222.42397533313687,285.2372873577315,Migori,124587.0,212.57939756,Rongo,-0.81635394,34.59807532,POINT (677831.0479032253 -90267.04096910534),274.65302396313785,164.0326844928589,0.0,Migori,87.0,1.0,3.0,0.0,0.0,30.0
Kenya,Nairobi,Nairobi,Ruaraka,36.880307519052266,-1.246842143497251,361.73161970157065,357.4237134344827,359.2025741774357,363.7688970076827,145.52054283603007,,,7.17967253,Ruaraka,-1.24575497,36.87807589,POINT (931763.1458785755 -138011.61864883677),171.46058693961746,357.04297402034376,0.0,Nairobi,6010.0,0.0,6.0,0.0,0.0,64.0
Kenya,Western,Kakamega,Likuyani,35.09091467743642,0.7607580281920923,113.37141344973364,91.77167318333773,79.38474566445747,64.84816100277732,228.90434809974465,Kakamega,152055.0,301.2480612,Likuyani,0.76645887,35.10501219,POINT (734267.3798998552 84774.37086009748),195.7901219643473,94.16733298985712,0.0,Kakamega,179.0,0.0,2.0,0.0,0.0,27.0
Kenya,Nyanza,Siaya,Bondo,34.19006685131715,-0.0949842028723918,62.983095525181405,81.83957876931144,101.25900909412772,158.1230923876304,315.5978700413529,Siaya,197883.0,1310.51628491,Bondo,-0.14802269,34.13697791,POINT (626525.1155530007 -16364.19869775224),300.7441732279398,87.27888706164707,0.0,Siaya,615.0,1.0,3.0,0.0,0.0,58.0
Kenya,North Eastern,Mandera,Mandera North,40.76732895184161,3.6335915862949606,818.7796521557002,794.612784461723,776.8382522172549,722.2285856200467,575.6916341464389,Mandera,143850.0,6129.76585199,Mandera North,3.60260564,40.64351088,POINT (1351387.851736704 401786.03434689733),564.9938221890956,783.9046854205417,0.0,Mandera,29.0,0.0,3.0,0.0,0.0,19.0
Kenya,North Eastern,Wajir,Tarbaj,40.195218525401714,2.424627204588908,710.0839126487461,687.4324103466319,671.4684688170139,621.828492992582,440.1451088216647,Wajir,56637.0,7544.37103586,Tarbaj,2.37922878,40.25136576,POINT (1308372.5223301123 265110.03495166445),449.6247170072867,695.0971698574906,0.0,Wajir,233.0,0.0,4.0,0.0,0.0,24.0
Kenya,Nyanza,Homa Bay,Suba,34.179423929431664,-0.64347454049911,123.62208385296732,142.67853471454274,161.58600134155853,216.10700020948008,325.7063563248888,,,,,,,,,,,,,1.0,9.0,0.0,0.0,53.0
Kenya,Nyanza,Migori,Kuria West,34.514215735751804,-1.1775500800727212,188.11893115701403,203.41514726835985,219.983413969186,267.68682673847275,310.8817220732571,Migori,208513.0,341.80847209,Kuria West,-1.20280394,34.51742773,POINT (668834.6119481762 -132993.11011934446),303.822418573671,204.50337989616185,0.0,Migori,87.0,1.0,11.0,0.0,0.0,84.0
Kenya,Nairobi,Nairobi,Mathare,36.86153630205376,-1.2604059982497433,360.759170601568,356.6237394490164,358.5480246698552,363.5442466935235,147.26174899099854,Nairobi,206564.0,2.90283576,Mathare,-1.25594747,36.87049393,POINT (930916.0506531473 -139139.54709385245),172.5469075408242,357.0127037661711,0.0,Nairobi,6010.0,1.0,0.0,0.0,0.0,23.0
Kenya,Coast,Kwale,Msambweni,39.4671458414019,-4.401012639928816,804.0655812415964,804.027494258375,808.5024322176047,817.0199119250996,564.818286003214,Kwale,177690.0,359.69657845,Msambweni,-4.37313248,39.4868758,POINT (1221274.219143082 -486495.4649497184),599.1613982666768,803.5192868732855,0.0,Kwale,218.0,1.0,5.0,0.0,0.0,66.0
Kenya,Rift Valley,Narok,Narok South,35.781891009739304,-1.4227217635976386,280.15520299157527,283.69127886863816,291.9652755104935,316.2183247046907,214.5783981902996,Narok,238472.0,4831.42004724,Narok South,-1.35899454,35.76967649,POINT (808230.2796180483 -150386.80449321112),216.6170918324873,276.1792295786249,0.0,Narok,132.0,1.0,11.0,0.0,0.0,82.0
Kenya,Nairobi,Nairobi,Kasarani,37.00854084072359,-1.2528231174975502,374.26666282433706,369.4514436364439,370.7652353033776,373.7773953759492,145.31168034701645,Nairobi,780656.0,136.27420691,Kasarani,-1.25200498,37.01355654,POINT (946870.1754204014 -138726.80101802357),173.58744428868184,369.8389481564105,0.0,Nairobi,6010.0,0.0,2.0,0.0,0.0,63.0
Kenya,Rift Valley,West Pokot,Pokot Central,35.54863561971407,1.5627891128589395,200.6916855545928,175.11939863512052,155.59611148848742,98.51786683587,234.6731308387428,West Pokot,119016.0,,,,,,,,,,,0.0,1.0,0.0,0.0,33.0
Kenya,Nyanza,Migori,Awendo,34.5456453519956,-0.8743773464886996,156.5988972477343,170.6320899395585,186.68381813593783,233.7981974006082,294.30913010197224,Migori,117290.0,262.95945064,Awendo,-0.87300394,34.52916519,POINT (670158.509222778 -96527.84348584591),284.3294285029627,168.66235897102362,0.0,Migori,87.0,0.0,2.0,0.0,0.0,27.0
Kenya,Nairobi,Nairobi,Langata,36.809800459940064,-1.3564021703776126,361.7703189153538,358.4959053739818,361.119193357589,368.0680157600504,158.62325173249295,,,209.80909658,Langata,-1.36795212,36.81427782,POINT (924628.9861099627 -151537.9038364173),184.7763822437024,359.42628251078264,0.0,Nairobi,6010.0,0.0,1.0,0.0,0.0,88.0
Kenya,Coast,Tana River,Galole,39.50279266842462,-1.510935870684014,638.1475142763579,628.3722241424135,624.905516222782,611.2661437911712,325.8934632279307,,,9687.26659819,Galole,-1.50512364,39.5465255,POINT (1229812.9489464667 -167460.5546459958),366.4955234401099,634.4628768446509,0.0,Tana River,34.0,1.0,1.0,0.0,0.0,19.0
Kenya,Coast,Kilifi,Malindi,39.908670717326814,-3.223139845058936,763.5436132470741,759.0939478830575,760.0279390666257,758.4438322226198,485.3167923543491,Kilifi,333226.0,576.75761377,Malindi,-3.23196698,39.90335206,POINT (1268819.6440514498 -359854.1503019539),523.4535598769965,760.412824905417,0.0,Kilifi,248.0,1.0,4.0,0.0,0.0,110.0
Kenya,Rift Valley,Kajiado,Kajiado Central,36.81893887899033,-2.187506884632875,421.2684276834682,422.5682876951133,428.62497588036393,444.32533117622376,250.2775022155447,Kajiado,161862.0,4305.31694515,Kajiado Central,-2.17560315,36.81845272,POINT (924909.8196246268 -241008.7904288652),274.2469984551283,420.632217016151,0.0,Kajiado,528.0,1.0,6.0,0.0,0.0,74.0
Kenya,Nairobi,Nairobi,Kamukunji,36.85758134045778,-1.2762264411036657,361.32686795864186,357.31294401923475,359.3346933443949,364.5952160922347,149.06178224837635,Nairobi,268276.0,8.8374547,Kamukunji,-1.27542116,36.85830597,POINT (929553.837833699 -141294.89113067876),174.6448537927859,357.1773047409841,0.0,Nairobi,6010.0,0.0,6.0,0.0,0.0,102.0
Kenya,Eastern,Embu,Mbeere North,37.767568716085634,-0.542283804109894,421.3765799826251,409.85832213530927,405.2322746330922,390.3387841955496,105.94022471368706,Embu,108881.0,,,,,,,,,,,1.0,1.0,0.0,0.0,34.0
Kenya,Coast,Taita Taveta,Mwatate,38.33745932983181,-3.697000356538125,659.1858401784563,660.2739252516548,665.7666244273169,677.8923695048345,441.865457487546,Taita Taveta,81659.0,3691.54930728,Mwatate,-3.73418255,38.29150832,POINT (1088406.1846543117 -414518.6430592782),477.2737761092688,659.0177235031573,0.0,Taita Taveta,282.0,0.0,3.0,0.0,0.0,36.0
Kenya,Rift Valley,Samburu,Samburu North,36.82866897087016,1.7843806775997415,335.4243162796229,311.2791825839417,293.7790654829211,241.4237223090712,193.6472094812329,Samburu,67391.0,8480.79535328,Samburu North,1.70482952,36.93109476,POINT (937585.2474871145 188882.57726652647),156.3178080307039,319.35532124578845,0.0,Samburu,38.0,0.0,2.0,0.0,0.0,30.0
Kenya,Eastern,Meru,Buuri,37.422233086842745,0.136854301975765,369.59631471746513,354.3230989605984,346.3585590408439,322.51429173848646,45.18840813082754,,,1314.8569385,Buuri,0.08968428,37.36044218,POINT (985679.671499367 9941.778515797443),66.72504746274645,349.49558941618614,0.0,Meru,111.0,0.0,3.0,0.0,0.0,64.0
Kenya,Coast,Tana River,Bura,39.25368909986005,-0.6311267384526583,584.3069800545478,571.2454502904234,564.9095368931781,543.3263267818511,259.32044890840166,,,13602.53874286,Bura,-0.6514223,39.30092883,POINT (1202517.2776197444 -72442.29945797625),298.684465956633,578.9043847647104,0.0,Tana River,34.0,0.0,2.0,0.0,0.0,22.0
Kenya,Nyanza,Nyamira,Nyamira North,34.99295112885084,-0.5027607087405007,145.43085180040458,149.69826816059975,159.80499752316322,193.75713951995328,234.21146256430328,Nyamira,167267.0,,,,,,,,,,,0.0,7.0,0.0,0.0,51.0
Kenya,North Eastern,Garissa,Balambala,39.10460839030941,0.096237576726861,556.3694430877077,540.3597840278628,531.3080644752218,502.0380860268975,231.35631775636912,Garissa,32257.0,4840.46340077,Balambala,-0.02273556,39.36513412,POINT (1209751.302973358 -2528.65560803799),288.8222748431671,572.9933559038487,0.0,Garissa,66.0,0.0,3.0,0.0,0.0,19.0
Kenya,Nyanza,Kisumu,Muhoroni,35.08095589668283,-0.1078628623769637,124.98484542655316,121.96125565603192,127.3436312123661,152.68128882991704,216.84832105547792,Kisumu,154116.0,664.18695354,Muhoroni,-0.12642964,35.08095019,POINT (731608.3630012411 -13983.558158271122),197.27681112732853,123.07043082947574,0.0,Kisumu,313.0,0.0,9.0,0.0,0.0,58.0
Kenya,Nyanza,Siaya,Ugenya,34.226089272797125,0.2362033691105561,28.43582270303165,44.797816246650825,64.50248255229688,122.9771266367222,311.8164415403002,Siaya,134354.0,321.05934445,Ugenya,0.21731754,34.20464567,POINT (634055.8878655392 24025.46467050524),289.2421991915343,46.2007324110317,0.0,Siaya,615.0,1.0,1.0,0.0,0.0,24.0
Kenya,North Eastern,Garissa,Lagdera,39.35384836799761,0.4899788335457699,582.5523108620494,564.948426840371,554.3219093744319,520.3032742979834,263.51897958441026,Garissa,50315.0,6453.81086357,Lagdera,0.50120998,39.22122974,POINT (1193614.0873883874 55729.17386903518),271.39657821287096,552.4671650858722,0.0,Garissa,66.0,1.0,2.0,0.0,0.0,25.0
Kenya,Central,Nyeri,Kieni East,37.09726698571138,-0.1910643458442942,339.60569363230456,327.0177058008831,321.68992005651324,306.2949961129771,28.41832403311435,Nyeri,110376.0,,,,,,,,,,,0.0,3.0,0.0,0.0,51.0
Kenya,Eastern,Machakos,Kangundo,37.35697508050149,-1.338354274005369,412.5917312484756,406.97560578906734,407.4979859567928,407.61197169373975,159.1664706596861,Machakos,97917.0,171.00529495,Kangundo,-1.34306446,37.35793684,POINT (985267.6902478654 -148882.44401468194),192.41699149974383,407.4988732777144,0.0,Machakos,418.0,1.0,4.0,0.0,0.0,38.0
Kenya,Western,Bungoma,Mt Elgon,34.615148579901195,0.9532288289236316,77.63055675203618,51.7085342407434,31.64871221682896,32.35683824777305,285.94002156888246,Bungoma,78873.0,,,,,,,,,,,1.0,3.0,0.0,0.0,30.0
Kenya,Rift Valley,Turkana,Turkana North,35.604359295666725,4.172309886905568,444.0625065812944,420.0211346212802,399.3736868276866,342.29865919081897,484.3583000603566,Turkana,65218.0,20482.24260698,Turkana North,4.3760376,35.55307763,POINT (783364.2559853207 484175.0307734527),472.1118280799208,438.1848021302754,0.0,Turkana,174.0,1.0,1.0,0.0,0.0,33.0
Kenya,Western,Busia,Teso North,34.341762286070285,0.6757692758816884,34.34242233993875,8.63482122577126,13.9672448239663,74.4227186441978,306.1982834635384,Busia,138034.0,254.07397094,Teso North,0.68056666,34.34379695,POINT (649534.2762888111 75243.93132193404),276.8236716393674,9.93550897106038,0.0,Busia,485.0,1.0,2.0,0.0,0.0,29.0
Kenya,Eastern,Isiolo,Merti,38.68740233917517,1.404733704229823,518.9841593175086,497.94501338338586,483.8714570537404,440.251243488497,238.22075300271547,Isiolo,47206.0,,,,,,,,,,,0.0,1.0,0.0,0.0,11.0
Kenya,Rift Valley,Baringo,Marigat,36.06909103173622,0.4419549726136847,217.3285363824348,200.64960274976607,192.13058064897612,172.06018042633855,114.65384911770724,Baringo,90955.0,,,,,,,,,,,0.0,2.0,0.0,0.0,26.0
Kenya,Central,Kirinyaga,Kirinyaga Central,37.29835182438936,-0.3804101649547771,366.3115342542513,354.66935505553823,350.1031399493834,336.34897701241584,57.09769647411177,Kirinyaga,122740.0,237.2704777,Kirinyaga Central,-0.28112234,37.27700091,POINT (976363.0048108406 -31159.827388353493),83.53349119170178,349.878678217602,0.0,Kirinyaga,24.0,1.0,4.0,0.0,0.0,76.0
Kenya,Nyanza,Kisumu,Kisumu East,34.80541342931445,-0.0923192060978946,98.78486990050966,100.1941457539952,109.63455330604428,146.1551004017381,247.27507264197703,Kisumu,220997.0,165.45258825,Kisumu East,-0.08189361,34.82263552,POINT (702847.939292706 -9056.317266889562),224.32568633928304,99.90128383982288,0.0,Kisumu,313.0,1.0,5.0,0.0,1.0,145.0
Kenya,North Eastern,Mandera,Lafey,41.22287296902663,3.4776435559801966,857.8754695216006,834.148177473069,816.8998740428192,763.6092514297081,602.1715555904491,Mandera,83457.0,3543.55037513,Lafey,3.48641418,41.17057846,POINT (1410598.7175033505 389327.12579791027),603.6622494420383,833.0539092516316,0.0,Mandera,29.0,0.0,1.0,0.0,0.0,11.0
Kenya,Rift Valley,Bomet,Bomet East,35.419637702333915,-0.8370946771706311,205.0896755748843,207.4440169433288,215.4048940905615,241.19954524057312,204.0952918549476,Bomet,144275.0,305.80982816,Bomet East,-0.84752115,35.41991749,POINT (769327.55695926 -93760.78656687698),199.47210735616017,207.57841935608377,0.0,Bomet,92.0,1.0,3.0,0.0,0.0,22.0
Kenya,Rift Valley,Samburu,Samburu East,37.47766450794594,1.079059436146543,380.0641372646232,359.4697163958946,346.07593023740986,305.71109700675123,124.63632040457124,Samburu,77994.0,10059.12548055,Samburu East,1.10915464,37.53498951,POINT (1005067.6684103023 122982.59902719328),121.51265122630112,367.6341736707777,0.0,Samburu,38.0,0.0,1.0,0.0,0.0,31.0
Kenya,Central,Kirinyaga,Kirinyaga South,37.40904683189088,-0.6326740410073954,386.1575698192386,375.9578529466185,372.6167997744551,362.0480259651277,87.50776188359755,,,,,,,,,,,,,0.0,5.0,0.0,0.0,71.0
Kenya,Nairobi,Nairobi,Westlands,36.78904952495788,-1.2413517809853865,352.81757387181415,348.8851043477061,351.00688716280126,356.717810785407,146.38332613076227,Nairobi,308854.0,72.70426971,Westlands,-1.23206086,36.79537519,POINT (922544.1778457027 -136481.20960554414),169.71486764310887,348.6778889260856,0.0,Nairobi,6010.0,0.0,4.0,0.0,0.0,101.0
Kenya,Western,Vihiga,Sabatia,34.75588474777449,0.1128283588307113,81.4170875808421,79.02289985266694,86.83159950417024,123.14196522597256,252.33220100244776,Vihiga,131628.0,111.48944961,Sabatia,0.11495373,34.7488733,POINT (694635.8519320335 12711.802418365412),229.43519375069343,78.00269655867932,0.0,Vihiga,112.0,0.0,5.0,0.0,0.0,31.0
Kenya,Rift Valley,Nakuru,Gilgil,36.25901514761108,-0.5502832242347895,263.87680937893566,257.0426141998324,257.2316023843899,259.99754958492707,108.42702307714036,Nakuru,185209.0,1263.9644743,Gilgil,-0.52731582,36.23649674,POINT (860318.8359611244 -58377.99383585528),111.08753590416198,253.67483855233104,0.0,Nakuru,649.0,0.0,2.0,0.0,0.0,57.0
Kenya,Coast,Mombasa,Likoni,39.63062356836284,-4.088877862030986,795.098063453285,793.8241471581885,797.3197739732908,803.0269939948782,544.1014788319621,Mombasa,250358.0,52.07635363,Likoni,-4.10065341,39.64491,POINT (1239184.8043756285 -456328.78726582375),582.7069304022091,796.3004601777383,0.0,Mombasa,711.0,1.0,2.0,0.0,0.0,47.0
Kenya,Eastern,Kitui,Mwingi Central,38.44579714445972,-0.9233086144295154,505.7655049595531,495.1124492081892,491.0701370993008,476.8281221431959,191.79565586403243,Kitui,108713.0,,,,,,,,,,,1.0,3.0,0.0,0.0,73.0
Kenya,Nyanza,Kisumu,Seme,34.50687019761515,-0.1024108765120382,76.82438588850555,86.07092068716898,100.9353508919914,149.14954508045156,280.47549459868395,Kisumu,121667.0,449.10336962,Seme,-0.15725807,34.50600502,POINT (667599.4555430142 -17387.788782436925),260.51731921590147,90.91901731310016,0.0,Kisumu,313.0,1.0,3.0,0.0,0.0,40.0
Kenya,Rift Valley,Turkana,Turkana South,35.69617732756491,2.3791569037371167,275.93228627152763,250.03875302381928,229.0384163572826,167.660795235981,297.74416866912213,Turkana,153736.0,7419.5486756,Turkana South,2.37789917,35.70025917,POINT (800325.7956226871 263124.60925721156),260.6463222613734,250.4277506999046,0.0,Turkana,174.0,1.0,3.0,0.0,0.0,36.0
Kenya,Rift Valley,Nakuru,Molo,35.790181549646434,-0.3453394746182881,207.0170425630315,200.73464411365364,201.9224206481764,210.1310812890301,144.23963657775113,Nakuru,156732.0,511.1366102,Molo,-0.36309787,35.78461781,POINT (809974.9291442116 -40180.99344984321),134.9017792534737,201.26299657268848,0.0,Nakuru,649.0,1.0,1.0,0.0,0.0,45.0
Kenya,Coast,Kwale,Kinango,39.18879567493077,-3.9452720754208976,747.3491425215419,746.7575635955902,750.8380964323196,758.4414802222753,505.5479344240971,Kwale,94220.0,4833.67523403,Kinango,-3.94523468,39.24002272,POINT (1194093.4684912455 -438682.23488393135),544.1627780239764,750.971873003279,0.0,Kwale,218.0,1.0,1.0,0.0,0.0,45.0
Kenya,North Eastern,Wajir,Wajir North,39.55553330611765,2.9765898408176312,665.9846518567299,641.9551291443885,624.3884447080366,570.5158584682237,429.835348131365,Wajir,62206.0,10398.86500056,Wajir North,2.98934392,39.75345509,POINT (1252220.7512763832 332735.44297785056),444.9590266434902,665.1392086423601,0.0,Wajir,233.0,1.0,5.0,0.0,0.0,28.0
Kenya,Western,Kakamega,Matungu,34.46116028627326,0.4057773993775782,39.10883253116127,32.92970516644371,44.38055153698136,95.39280600977328,287.6896450774213,Kakamega,166940.0,277.81050403,Matungu,0.38386236,34.46705847,POINT (663261.196859999 42442.336261540324),260.0534461445855,34.951874817314035,0.0,Kakamega,179.0,0.0,2.0,0.0,0.0,22.0
Kenya,Central,Muranga,Gatanga,37.07305652478985,-0.945331412076236,364.4796553420789,357.3752273862424,356.8026631703283,354.6286928028884,111.241100147395,Murang'a,187989.0,600.61072296,Gatanga,-0.88734194,36.90933999,POINT (935299.845247363 -98308.27671650068),132.100631146022,338.57515868342085,0.0,Murang'a,102.0,0.0,1.0,0.0,0.0,48.0
Kenya,Nyanza,Kisumu,Nyando,34.93990434799547,-0.2015290316120301,118.04901163806352,118.916512404174,127.32710053917243,159.75786451622656,233.5186571327188,Kisumu,161508.0,603.08903028,Nyando,-0.20671745,34.85598911,POINT (706560.1545620328 -22860.56392825242),223.7370225453201,113.2006716769716,0.0,Kisumu,313.0,0.0,6.0,0.0,0.0,49.0
Kenya,Western,Busia,Samia,34.08265057194606,0.2472448248448944,24.62813642894061,48.23916193382079,69.29391802640184,130.0100925715918,327.8120719255699,Busia,107176.0,,,,,,,,,,,1.0,1.0,0.0,0.0,28.0
Kenya,Rift Valley,Nandi,Chesumei,35.09571481194625,0.2796012549279745,111.04149366670896,99.49423371634444,98.33830133767432,112.1388223054,215.92243295966568,Nandi,164133.0,486.08132219,Chesumei,0.27723272,35.08449983,POINT (732001.4724154997 30662.974800091677),191.16730854223883,98.7055250212596,0.0,Nandi,45.0,0.0,2.0,0.0,0.0,28.0
Kenya,Nyanza,Kisumu,Kisumu West,34.657041804668395,-0.0631625933514248,84.2858598128635,88.60210018342235,100.46408013999267,142.92050447269466,263.55980835203485,Kisumu,172821.0,312.35593278,Kisumu West,-0.08874889,34.66672394,POINT (685490.7627602853 -9813.59889155471),241.527645933784,90.9147873213624,0.0,Kisumu,313.0,0.0,3.0,0.0,0.0,55.0
Kenya,Rift Valley,Baringo,Baringo North,35.80665472961702,0.742782955987293,190.6198261546457,170.71253762701215,158.97764646361873,130.79298088409806,155.56856651945637,Baringo,104871.0,1633.77468037,Baringo North,0.76985213,35.8085383,POINT (812617.9902150981 85194.8526155421),122.13819125498976,171.99940937284555,0.0,Baringo,211.0,1.0,0.0,0.0,0.0,49.0
Kenya,Rift Valley,Narok,Narok North,35.88865037948058,-0.8339701045847804,244.57057794196768,242.72156347697265,247.1341502069952,262.1433779848942,160.2964607988095,Narok,251862.0,2723.42562322,Narok North,-0.84151264,35.95158797,POINT (828548.9215732773 -93136.86883764509),157.85716717886265,248.1002468423595,0.0,Narok,132.0,1.0,9.0,0.0,0.0,88.0
Kenya,Nyanza,Migori,Uriri,34.44984269860937,-0.9428023362354532,161.06631180522555,176.63902622931738,193.52297687746216,242.52168149246128,306.97040186922123,Migori,141448.0,383.77929731,Uriri,-0.94320394,34.43487188,POINT (659660.6193133008 -104285.38431129331),297.2181653686796,174.9006011148592,0.0,Migori,87.0,0.0,3.0,0.0,0.0,30.0
Kenya,Central,Nyeri,Nyeri South,36.80964338109366,-0.5246157605891559,319.279519613332,309.9817078349111,307.7078719811859,301.7111367524806,68.6172459700554,Nyeri,91081.0,,,,,,,,,,,0.0,2.0,0.0,0.0,61.0
Kenya,Western,Kakamega,Mumias West,34.45831990728158,0.288491746560655,43.02550696706179,43.69768149259069,57.149105141279065,107.93733385807676,286.52350733225626,Kakamega,115354.0,138.33548583,Mumias West,0.27806666,34.42600084,POINT (658692.8282866615 30744.308731996152),264.47038776805954,42.6084226762542,0.0,Kakamega,179.0,0.0,0.0,0.0,0.0,2.0
Kenya,Coast,Lamu,Lamu East,41.10944017609575,-1.835924658551788,818.7262523394288,808.0444539532558,803.6157090196772,786.3238617890856,500.4196649370034,Lamu,22258.0,2153.48293493,Lamu East,-1.85565186,41.06191972,POINT (1399609.753251275 -207165.82751527577),533.6701671815418,807.2344261560299,0.0,Lamu,20.0,0.0,1.0,0.0,0.0,21.0
Kenya,North Eastern,Garissa,Ijara,40.43855126211798,-1.6604674584251655,741.8103435452133,731.3166102796463,727.1137234754752,710.7898121537387,424.7634970541078,Garissa,141591.0,8224.92062448,Ijara,-1.43334548,41.0560696,POINT (1399144.1254995386 -160017.24991386908),513.7260583516128,791.859462432184,0.0,Garissa,66.0,1.0,3.0,0.0,0.0,22.0
Kenya,Coast,Lamu,Lamu West,40.5722025680316,-2.16240258920543,775.1289711760965,766.1277746035232,763.2004626048189,750.4084294286414,465.0696028901779,Lamu,121662.0,3893.53866231,Lamu West,-2.13176477,40.57036184,POINT (1344282.5392955109 -237709.1578696224),500.7601862318078,767.2179507648788,0.0,Lamu,20.0,1.0,3.0,0.0,0.0,49.0
Kenya,Rift Valley,Baringo,Mogotio,35.976846414032345,0.1650291363867794,209.7520798435172,196.3474174261096,191.1451503938718,181.4839461288031,117.13602333225212,Baringo,91104.0,1387.78053879,Mogotio,0.16560213,35.94638496,POINT (828003.0858883527 18328.40368252299),96.30865435974356,193.6071250650797,0.0,Baringo,211.0,0.0,4.0,0.0,0.0,41.0
Kenya,Central,Nyeri,Mathira West,37.17189475854358,-0.319499940116994,350.99426016865806,339.188488626187,334.531318343662,320.8382828988516,44.641962344560014,Nyeri,59895.0,,,,,,,,,,,0.0,2.0,0.0,0.0,24.0
Kenya,Western,Kakamega,Lugari,34.916531461592804,0.6433054612662014,91.29966387558451,71.33509721559976,62.26238708881946,67.34786719763045,243.36972470626137,Kakamega,122728.0,367.77067673,Lugari,0.62087754,34.89963911,POINT (711408.931361952 68663.63735019528),214.68646958706825,70.0935230664892,0.0,Kakamega,179.0,1.0,1.0,0.0,0.0,49.0
Kenya,Nairobi,Nairobi,Embakasi North,36.89782810663643,-1.250024595829274,363.5746587677558,359.2108086749678,360.9366231538576,365.3173047371374,145.67118340488028,,,5.42927986,Embakasi North,-1.24745449,36.89945166,POINT (934146.4159293392 -138203.42864351522),171.7882127533442,359.09534011582235,0.0,Nairobi,6010.0,0.0,2.0,0.0,0.0,26.0
Kenya,Western,Kakamega,Butere,34.52390656235935,0.2195670186019314,53.13794527436421,53.95538021815831,66.13392920665252,113.61008208528308,278.6508703641774,Kakamega,154100.0,209.22743884,Butere,0.22741437,34.55027959,POINT (672527.1482023853 25145.388073200542),250.75480747134,54.35534992924617,0.0,Kakamega,179.0,1.0,10.0,0.0,0.0,55.0
Kenya,Rift Valley,Baringo,Baringo Central,35.738112931447766,0.4299924439876139,180.5551462348875,164.28997453038622,156.6336696091555,142.28418216155916,149.0154947097541,Baringo,96951.0,661.6928548,Baringo Central,0.40873262,35.75810853,POINT (807020.0531397823 45229.98959100969),116.7495328226679,167.48766616998688,0.0,Baringo,211.0,1.0,7.0,0.0,0.0,76.0
Kenya,Rift Valley,Kajiado,Kajiado North,36.70207283984238,-1.3847281722115616,353.735535040745,351.1641920659089,354.38681243267683,363.17501247435047,163.9333926521116,Kajiado,306596.0,112.40061641,Kajiado North,-1.36977364,36.67702212,POINT (909327.0043585813 -151715.73964419778),185.46426800726115,347.6058112694128,0.0,Kajiado,528.0,0.0,6.0,0.0,0.0,238.0
Kenya,Rift Valley,Turkana,Turkana East,36.19242039787698,1.881601079717602,279.48848880281025,254.1930219103748,235.07310611895883,178.28362694811796,223.28941080261083,Turkana,138526.0,11183.87105938,Turkana East,1.87194966,36.14241538,POINT (849662.9421262362 207220.88454833083),188.87165695076385,249.66221038100457,0.0,Turkana,174.0,0.0,4.0,0.0,0.0,27.0
Kenya,Nyanza,Homa Bay,Ndhiwa,34.38390578680132,-0.7345731233266269,136.85584764463547,152.89220359637514,170.2044396945454,220.7462801461936,306.4130193532685,Homa Bay,218136.0,695.40308063,Ndhiwa,-0.71250394,34.38417881,POINT (654027.6960019402 -78776.27372431305),291.5023307993511,148.9702477293124,0.0,Homa Bay,195.0,0.0,4.0,0.0,0.0,49.0
Kenya,Eastern,Tharaka-Nithi,Tharaka North,38.10569754809066,-0.0935725130421526,448.1215579213808,433.6051587459414,426.15280502155474,402.6079068635365,121.34784133168402,Tharaka Nithi,58345.0,,,,,,,,,,,0.0,2.0,0.0,0.0,16.0
Kenya,Nairobi,Nairobi,Embakasi West,36.89312555066677,-1.2725418430165003,364.45131666680817,360.2552543823335,362.1157150143876,366.86042833154943,148.21404584989295,,,9.76080445,Embakasi West,-1.27342368,36.88551542,POINT (932588.1223888651 -141078.16758261443),174.5659856694191,359.5032677487132,0.0,Nairobi,6010.0,1.0,2.0,0.0,0.0,58.0
Kenya,Central,Muranga,Kigumo,36.89800530894584,-0.7743604961061533,338.84209306722136,331.15182452259245,330.1830898269336,327.43285456530094,93.164505726058,Murang'a,136921.0,316.24222482,Kigumo,-0.77438831,36.89892134,POINT (934150.3030263808 -85793.10643644349),119.53277965211696,331.52847168471834,0.0,Murang'a,102.0,0.0,2.0,0.0,0.0,36.0
Kenya,Central,Nyandarua,Kinangop,36.59301833391471,-0.640202347805394,301.795925241429,294.2347710442776,293.56072680298985,292.62614343362566,90.87157074993586,Nyandarua,111410.0,538.88433737,Kinangop,-0.73123187,36.62378975,POINT (903475.2645129842 -80986.1370785915),115.9011130580116,302.3503664566968,0.0,Nyandarua,91.0,0.0,4.0,0.0,0.0,51.0
Kenya,North Eastern,Garissa,Hulugho,41.00265790684355,-1.3683902650850357,792.5587212391887,780.5289336360322,774.9212919744615,754.3384130236371,469.7449289250589,Garissa,133984.0,,,,,,,,,,,0.0,1.0,0.0,0.0,17.0
Kenya,Rift Valley,Turkana,Loima,35.15395999048042,2.986900527473461,303.1327300034916,279.05170843650654,258.4247939472582,202.00295084668173,386.7571453026965,Turkana,107795.0,9746.04173694,Loima,3.00930786,35.1116348,POINT (734703.4287945888 332849.1387301603),353.953057504295,279.2726052113031,0.0,Turkana,174.0,0.0,3.0,0.0,0.0,35.0
Kenya,Central,Kiambu,Limuru,36.62700435926703,-1.142166103678299,331.6988452954679,327.8573094778046,330.1434693052014,336.76891964215656,140.1443192676066,Kiambu,159314.0,284.96603698,Limuru,-1.14583211,36.64033253,POINT (905271.7875191902 -126906.76641850107),161.13439109002542,329.0962231707763,0.0,Kiambu,1758.0,1.0,6.0,0.0,0.0,62.0
Kenya,Eastern,Isiolo,Isiolo,37.480409413527255,0.5900235446145106,374.4862092100664,356.4416705983362,345.7292131348719,313.56104304019584,78.26140004935387,Isiolo,121066.0,,,,,,,,,,,1.0,1.0,0.0,0.0,39.0
Kenya,Rift Valley,Nakuru,Njoro,35.96625062573514,-0.4792724800743251,231.18006322488893,225.27029446655507,226.51110392878573,233.56778296894788,131.75212235225388,Nakuru,238773.0,782.5006151,Njoro,-0.49559787,35.95796931,POINT (829282.9635502654 -54852.03999452746),128.72529994930795,225.45562419387983,0.0,Nakuru,649.0,0.0,5.0,0.0,0.0,50.0
Kenya,Rift Valley,Nakuru,Rongai,35.992690822210726,-0.0998595558783966,218.10749846895828,207.7885716144584,205.3486559787465,202.9927696100966,115.98782285786676,Nakuru,199906.0,1021.44930788,Rongai,-0.06004787,36.02804676,POINT (837103.6272266149 -6646.436222335226),94.83972504654729,210.12288993234048,0.0,Nakuru,649.0,0.0,5.0,0.0,0.0,38.0
Kenya,Central,Kiambu,Githunguri,36.79493596542749,-1.0699102046569071,343.5056619680916,338.36869914583,339.53604447888546,342.7491452431856,127.54001333844178,Kiambu,165232.0,172.98386537,Githunguri,-1.04969282,36.7833345,POINT (921228.3053312058 -116277.78251757115),149.5227227930573,336.0311215675971,0.0,Kiambu,1758.0,0.0,6.0,0.0,0.0,50.0
Kenya,Western,Busia,Bunyala,34.02099297616832,0.0816835649211661,44.02919054126793,67.81013775914153,88.79546565566928,149.1985963876222,333.9776758030823,Busia,85977.0,,,,,,,,,,,1.0,2.0,0.0,0.0,19.0
Kenya,Nyanza,Migori,Kuria East,34.63740038276993,-1.2776809980442956,202.45415828919087,216.584067409826,232.39344467794265,277.9260391064466,303.9095612020524,Migori,96872.0,238.23967951,Kuria East,-1.24078602,34.65258686,POINT (683874.356241557 -137201.784713585),293.7710439070608,211.18433015927425,0.0,Migori,87.0,1.0,5.0,0.0,0.0,45.0
Kenya,Coast,Kwale,Matuga,39.40731651735628,-4.248508386678783,787.8047148683471,787.5073792684718,791.7888205844386,799.8067771587864,546.7662395645141,Kwale,194252.0,1053.85208386,Matuga,-4.2386692,39.41383203,POINT (1213244.6518852161 -471468.8967976075),582.1319461050255,787.3411206670228,0.0,Kwale,218.0,1.0,4.0,0.0,0.0,45.0
Kenya,Rift Valley,Elgeyo-Marakwet,Marakwet West,35.43891018752878,1.010019667451351,159.15838804217486,135.9227104742775,120.34946222085831,82.04891923436155,205.86585958106,Elgeyo Marakwet,137513.0,769.68888941,Marakwet West,1.02338442,35.4147959,POINT (768743.8083261709 113216.04203626604),173.89391607725543,134.66299140495892,0.0,Elgeyo-Marakwet,48.0,1.0,4.0,0.0,0.0,58.0
Kenya,Eastern,Meru,Tigania East,37.77878946325573,0.2602807669636955,408.0639013256716,391.82582382709006,382.8201522261327,355.23039978470354,86.96634686919525,Meru,72549.0,833.31638887,Tigania East,0.26986134,37.78319389,POINT (1032867.327732599 29932.735734028),109.765429365619,393.5543322628697,0.0,Meru,111.0,0.0,3.0,0.0,0.0,43.0
Kenya,Coast,Kilifi,Kilifi North,39.90157122664141,-3.505666819117969,780.1747605217511,776.6061393429254,778.2518867593133,778.6566164972646,508.8118981204934,Kilifi,178824.0,784.42581887,Kilifi North,-3.49908557,39.86584541,POINT (1264412.178136246 -389564.44886686245),543.3379828752691,774.0283647201929,0.0,Kilifi,248.0,1.0,2.0,0.0,0.0,49.0
Kenya,Nyanza,Nyamira,Manga,34.86147613213338,-0.6567186350944071,149.97102865445385,157.85449194553362,170.26306111946408,209.18217976041976,253.14933691861785,Nyamira,94209.0,,,,,,,,,,,1.0,7.0,0.0,0.0,45.0
Kenya,Nyanza,Homa Bay,Mbita,34.25113595368861,-0.4961583587518372,108.1014249952722,125.92934497918456,144.3811490076017,198.15880055417588,314.37667146764244,,,,,,,,,,,,,1.0,10.0,0.0,0.0,62.0
Kenya,Eastern,Meru,Imenti North,37.70582819333801,0.0571757500762675,401.8945546716631,386.87532739741647,379.0591322875381,355.09295636724903,75.77219786028641,Meru,177567.0,,,,,,,,,,,1.0,1.0,0.0,0.0,167.0
Kenya,Western,Kakamega,Mumias East,34.57179682450656,0.3206026369021581,53.34858760538999,48.16429505838419,57.1036260194541,101.57056511603368,274.32303387241734,Kakamega,116851.0,174.96988208,Mumias East,0.33585585,34.58233593,POINT (676093.902470518 37136.423008315054),247.08844914957592,47.60534920226969,0.0,Kakamega,179.0,0.0,0.0,0.0,0.0,1.0
Kenya,Nairobi,Nairobi,Starehe,36.83878887802447,-1.2975359270667457,360.84687172656,357.05725215602763,359.2643844531786,365.0575070047536,151.68328544385665,Nairobi,210423.0,16.83635222,Starehe,-1.28990184,36.82862377,POINT (926241.8754541491 -142894.1009039507),176.15378234751924,355.4639560375747,0.0,Nairobi,6010.0,0.0,2.0,0.0,0.0,148.0
Kenya,Rift Valley,Baringo,East Pokot,35.86287965944748,1.196078662845974,210.62205036379115,187.19999566263127,170.9933952930238,125.81495246590517,181.13159964580407,Baringo,79923.0,,,,,,,,,,,1.0,4.0,0.0,0.0,47.0
Kenya,Eastern,Machakos,Machakos,37.22726213777506,-1.5071204668121314,409.7811214829071,405.63637273886405,407.3872065596449,411.0498892974419,175.03680709033523,Machakos,170606.0,,,,,,,,,,,0.0,3.0,0.0,1.0,92.0
