Subcounty,adm2_pcode,adm1_name,adm1_pcode,area_sqkm,adm2_ref_name,center_lat,center_lon,geometry,dist_to_quarantine_km,dist_to_border_km,hospital_count,County_Name,road_count
Ainabkoi,KE027144,Uasin Gishu,KE027,502.56191783,Ainabkoi,0.31286511,35.45585864,POINT (773355.8072039236 34613.003210317416),149.8020637171242,136.60345405352243,0.0,Uasin Gishu,115
Ainamoi,KE035190,Kericho,KE035,245.64444558,Ainamoi,-0.31245662,35.25994842,POINT (751537.630254687 -34562.911647012515),184.5197858766545,151.68382147625854,0.0,Kericho,98
Aldai,KE029152,Nandi,KE029,467.74427575,Aldai,0.06016957,34.97529218,POINT (719844.2910137884 6654.526252382885),205.037113576096,100.66911792086476,0.0,Nandi,45
Alego Usonga,KE041234,Siaya,KE041,607.54214356,Alego Usonga,0.06082957,34.21613625,POINT (635335.671343308 6725.020250743386),289.033920999425,63.21030135565469,0.0,Siaya,615
Awendo,KE044254,Migori,KE044,262.95945064,Awendo,-0.87300394,34.52916519,POINT (670158.509222778 -96527.84348584591),284.3294285029627,168.66235897102362,0.0,Migori,87
Bahati,KE032174,Nakuru,KE032,298.29775606,Bahati,-0.22500391,36.14485288,POINT (850117.7321172168 -24907.45632045077),93.3498558681851,229.2091644078852,0.0,Nakuru,649
Balambala,KE007028,Garissa,KE007,4840.46340077,Balambala,-0.02273556,39.36513412,POINT (1209751.302973358 -2528.65560803799),288.8222748431671,572.9933559038487,0.0,Garissa,66
Banissa,KE009040,Mandera,KE009,3038.61551871,Banissa,3.98556467,40.41330975,POINT (1325232.9180014986 444258.2661096646),574.9883303823301,779.7846576534779,0.0,Mandera,29
Baringo Central,KE030159,Baringo,KE030,661.6928548,Baringo Central,0.40873262,35.75810853,POINT (807020.0531397823 45229.98959100969),116.7495328226679,167.48766616998688,0.0,Baringo,211
Baringo North,KE030158,Baringo,KE030,1633.77468037,Baringo North,0.76985213,35.8085383,POINT (812617.9902150981 85194.8526155421),122.13819125498976,171.99940937284555,0.0,Baringo,211
Baringo South,KE030160,Baringo,KE030,1826.79167508,Baringo South,0.45845972,36.05190879,POINT (839752.0003391206 50746.039784900546),85.21854175137098,199.32818264636052,0.0,Baringo,211
Belgut,KE035192,Kericho,KE035,382.72892633,Belgut,-0.39899874,35.36976437,POINT (763764.8041861856 -44139.35803021718),177.17374969186213,167.15393376117453,0.0,Kericho,98
Bobasi,KE045264,Kisii,KE045,240.35222583,Bobasi,-0.81964996,34.79862706,POINT (700154.902172454 -90640.96248628141),255.09241398895355,170.7478802625774,0.0,Kisii,172
Bomachoge Borabu,KE045263,Kisii,KE045,114.15126455,Bomachoge Borabu,-0.90575394,34.75145886,POINT (694899.8765460448 -100160.20963542632),264.3717881788155,178.06307324994185,0.0,Kisii,172
Bomachoge Chache,KE045265,Kisii,KE045,101.99774136,Bomachoge Chache,-0.80439879,34.7158786,POINT (690944.3620898933 -88950.44295724147),262.3906414499272,166.18308471295228,0.0,Kisii,172
Bomet Central,KE036197,Bomet,KE036,268.95050205,Bomet Central,-0.73095473,35.3145147,POINT (757597.2376387125 -80858.90655042666),201.0598979544076,190.19235616293787,0.0,Bomet,92
Bomet East,KE036196,Bomet,KE036,305.80982816,Bomet East,-0.84752115,35.41991749,POINT (769327.55695926 -93760.78656687698),199.47210735616017,207.57841935608377,0.0,Bomet,92
Bonchari,KE045261,Kisii,KE045,126.67823211,Bonchari,-0.65930394,34.68920926,POINT (687981.7475621272 -72904.82022040064),258.011556430501,149.99770464413015,0.0,Kisii,172
Bondo,KE041236,Siaya,KE041,1310.51628491,Bondo,-0.14802269,34.13697791,POINT (626525.1155530007 -16364.19869775224),300.7441732279398,87.27888706164707,0.0,Siaya,615
Borabu,KE046273,Nyamira,KE046,293.28179986,Borabu,-0.69214467,35.04309531,POINT (727377.3804938742 -76551.80737555085),224.45516202626249,169.64898881424452,0.0,Nyamira,114
Budalangi,KE040231,Busia,KE040,310.63627366,Budalangi,0.08071915,33.99113287,POINT (610293.7026104162 8923.235485014504),313.8008153545516,68.19575694055072,0.0,Busia,485
Bumula,KE039219,Bungoma,KE039,345.33320322,Bumula,0.56788403,34.4496374,POINT (661317.8024127198 62788.49836663973),263.49657202757083,21.14033855435153,0.0,Bungoma,75
Bura,KE004020,Tana River,KE004,13602.53874286,Bura,-0.6514223,39.30092883,POINT (1202517.2776197444 -72442.29945797625),298.684465956633,578.9043847647104,0.0,Tana River,34
Buret,KE035191,Kericho,KE035,315.70706395,Buret,-0.55863278,35.12454237,POINT (736451.7580873645 -61788.483251351),209.48937523984097,162.25284795219156,0.0,Kericho,98
Butere,KE037207,Kakamega,KE037,209.22743884,Butere,0.22741437,34.55027959,POINT (672527.1482023853 25145.388073200542),250.75480747133997,54.35534992924617,0.0,Kakamega,179
Butula,KE040229,Busia,KE040,242.96638872,Butula,0.34422513,34.29268459,POINT (643853.1373913316 38056.97471991484),279.3400365932959,31.695404560910543,0.0,Busia,485
Buuri,KE012057,Meru,KE012,1314.8569385,Buuri,0.08968428,37.36044218,POINT (985679.671499367 9941.778515797443),66.72504746274645,349.49558941618614,0.0,Meru,111
Cental Imenti,KE012058,Meru,KE012,771.84548256,Cental Imenti,0.04201816,37.51661252,POINT (1003110.6120915138 4658.834635403893),84.91122640775421,367.5795703552286,0.0,Meru,111
Changamwe,KE001001,Mombasa,KE001,22.76489827,Changamwe,-4.01733732,39.5916343,POINT (1233307.9353649972 -447008.92271234107),571.68951411971,785.738237418161,0.0,Mombasa,711
Chepalungu,KE036195,Bomet,KE036,536.54642253,Chepalungu,-0.89520258,35.24233177,POINT (749549.2430797697 -99023.18594776842),218.241454732734,200.409827820414,0.0,Bomet,92
Cherangany,KE026140,Trans Nzoia,KE026,627.54543431,Cherangany,1.04643375,35.17809075,POINT (742385.5581119787 115746.66920876103),198.7080920823296,111.07908431638128,0.0,Trans Nzoia,161
Chesumei,KE029154,Nandi,KE029,486.08132219,Chesumei,0.27723272,35.08449983,POINT (732001.4724154997 30662.974800091677),191.16730854223883,98.7055250212596,0.0,Nandi,45
Dadaab,KE007030,Garissa,KE007,6925.1749762,Dadaab,0.06314251,40.26079878,POINT (1310130.5748954695 7035.946551822424),387.8647438137097,671.7328998268115,0.0,Garissa,66
Dagoretti,KE047276,Nairobi,KE047,24.44505771,Dagoretti,-1.28105809,36.7121554,POINT (913258.2817656798 -141895.26495634895),175.4070552246229,344.5301748445389,0.0,Nairobi,6010
Dujis,KE007027,Garissa,KE007,568.36264972,Dujis,-0.42578316,39.75871433,POINT (1253816.966371541 -47393.41361641771),340.35304201949896,623.5776402082244,0.0,Garissa,66
Eldama Ravine,KE030162,Baringo,KE030,932.69770972,Eldama Ravine,-0.00618728,35.72224337,POINT (803032.3298769649 -684.6581823682744),124.81584832592527,176.3441036176494,0.0,Baringo,211
Eldas,KE008037,Wajir,KE008,4740.82975285,Eldas,2.19434654,39.13907426,POINT (1183942.5735073104 243949.48066329057),335.28136610476207,569.9268265251043,0.0,Wajir,233
Embakasi Central,KE047284,Nairobi,KE047,8.18237804,Embakasi Central,-1.26961166,36.90936602,POINT (935248.2724036081 -140659.86116382686),174.31267807052467,361.41828016562624,0.0,Nairobi,6010
Embakasi East,KE047285,Nairobi,KE047,85.84392988,Embakasi East,-1.3105678,36.93772427,POINT (938403.4877696483 -145202.34749184223),179.08557472680175,366.6322843762552,0.0,Nairobi,6010
Embakasi North,KE047283,Nairobi,KE047,5.42927986,Embakasi North,-1.24745449,36.89945166,POINT (934146.4159293392 -138203.42864351522),171.7882127533442,359.09534011582235,0.0,Nairobi,6010
Embakasi South,KE047282,Nairobi,KE047,17.54934931,Embakasi South,-1.33572978,36.87388975,POINT (931281.163929848 -147978.80692359465),181.39364620089785,362.5450543869927,0.0,Nairobi,6010
Embakasi West,KE047286,Nairobi,KE047,9.76080445,Embakasi West,-1.27342368,36.88551542,POINT (932588.1223888651 -141078.16758261443),174.5659856694191,359.5032677487132,0.0,Nairobi,6010
Emgwen,KE029155,Nandi,KE029,362.89421597,Emgwen,0.18930635,35.12655983,POINT (736686.2964251086 20938.55785888495),186.870058590512,107.085008240554,0.0,Nandi,45
Emuhaya,KE038215,Vihiga,KE038,89.18223968,Emuhaya,0.07965083,34.61336062,POINT (679550.3599504463 8807.324927325735),244.822615729352,71.85648459301106,0.0,Vihiga,112
Emurua Dikirr,KE033178,Narok,KE033,325.07818317,Emurua Dikirr,-1.00462574,35.11216673,POINT (735048.9578016764 -111117.43131266143),237.10650258904076,203.6221139421461,0.0,Narok,132
Endebess,KE026137,Trans Nzoia,KE026,668.91160975,Endebess,1.14512881,34.72231206,POINT (691641.2255995309 126628.88659750395),249.6395074484824,76.01609463672601,0.0,Trans Nzoia,161
Fafi,KE007031,Garissa,KE007,16583.39556049,Fafi,-0.78190234,40.43502257,POINT (1329601.8230538326 -87161.4555095466),423.90633204069246,705.9170027796329,0.0,Garissa,66
Funyula,KE040230,Busia,KE040,273.31760174,Funyula,0.24443462,34.06517167,POINT (618532.7405418464 27022.072378437144),304.6820724281775,48.33847216799271,0.0,Busia,485
Gachoka,KE014065,Embu,KE014,1323.34497264,Gachoka,-0.72727754,37.7049411,POINT (1024093.3791170407 -80659.66638199621),152.1864076447642,411.2262148466537,0.0,Embu,66
Galole,KE004019,Tana River,KE004,9687.26659819,Galole,-1.50512364,39.5465255,POINT (1229812.9489464667 -167460.5546459958),366.4955234401099,634.4628768446509,0.0,Tana River,34
Ganze,KE003015,Kilifi,KE003,2934.56287795,Ganze,-3.43475548,39.46525937,POINT (1219665.918520439 -382088.7637156527),510.30638402079137,733.8598251898751,0.0,Kilifi,248
Garsen,KE004018,Tana River,KE004,15902.28777176,Garsen,-2.42640984,39.21144839,POINT (1191924.0671009086 -269785.40712338313),405.0414577587465,646.8225654972927,0.0,Tana River,34
Gatanga,KE021110,Murang'a,KE021,600.61072296,Gatanga,-0.88734194,36.90933999,POINT (935299.845247363 -98308.27671650068),132.100631146022,338.57515868342085,0.0,Murang'a,102
Gatundu North,KE022112,Kiambu,KE022,234.53556586,Gatundu North,-0.91616735,36.84955538,POINT (928629.3526941324 -101494.60656133549),134.83849310923668,334.4191763796757,0.0,Kiambu,1758
Gatundu South,KE022111,Kiambu,KE022,221.69837418,Gatundu South,-0.95389,36.79340224,POINT (922363.1766322362 -105666.62807848315),138.90143653707588,331.240504375841,0.0,Kiambu,1758
Gem,KE041235,Siaya,KE041,402.97620465,Gem,0.0401974,34.46389389,POINT (662912.5436822068 4444.480839061749),261.826419529545,68.68805959408645,0.0,Siaya,615
Gichugu,KE020101,Kirinyaga,KE020,467.11605078,Gichugu,-0.37458402,37.34175709,POINT (983584.7260275533 -41522.75676017033),96.12768919322448,359.8654858968967,0.0,Kirinyaga,24
Gilgil,KE032169,Nakuru,KE032,1263.9644743,Gilgil,-0.52731582,36.23649674,POINT (860318.8359611244 -58377.99383585528),111.08753590416198,253.67483855233104,0.0,Nakuru,649
Githunguri,KE022116,Kiambu,KE022,172.98386537,Githunguri,-1.04969282,36.7833345,POINT (921228.3053312058 -116277.78251757115),149.5227227930573,336.0311215675971,0.0,Kiambu,1758
Hamisi,KE038213,Vihiga,KE038,186.65449763,Hamisi,0.09273769,34.83379077,POINT (704089.8159928976 10255.588919112124),220.26340523700276,86.41521395960046,0.0,Vihiga,112
Homa Bay,KE043249,Homa Bay,KE043,269.04032363,Homa Bay,-0.52055949,34.4685314,POINT (663422.0894666468 -57556.511066621926),275.1400181625193,129.1131081540902,0.0,Homa Bay,195
Igembe Central,KE012052,Meru,KE012,802.36163426,Igembe Central,0.32473651,37.86886109,POINT (1042431.291045668 36024.010233218505),119.31243940726792,402.5160330583273,0.0,Meru,111
Igembe North,KE012053,Meru,KE012,1075.9141978,Igembe North,0.48895772,37.97755227,POINT (1054559.5249793408 54250.495182873594),133.07824545301258,413.5240394566591,0.0,Meru,111
Igembe South,KE012051,Meru,KE012,839.06397407,Igembe South,0.0993504,38.14508022,POINT (1073293.9650419462 11025.929843136959),151.7757938774591,435.9316265076841,0.0,Meru,111
Ijara,KE007032,Garissa,KE007,8224.92062448,Ijara,-1.43334548,41.0560696,POINT (1399144.1254995386 -160017.24991386908),513.7260583516128,791.859462432184,0.0,Garissa,66
Ikolomani,KE037210,Kakamega,KE037,143.83534258,Ikolomani,0.19410169,34.69885379,POINT (689066.7065097502 21463.5673317654),234.3804703403323,67.83485985533083,0.0,Kakamega,179
Isiolo North,KE011049,Isiolo,KE011,15321.57226279,Isiolo North,1.44098818,38.72868612,POINT (1138329.3660871363 160077.35996969396),249.7821250004819,505.16616338925735,0.0,Isiolo,39
Isiolo South,KE011050,Isiolo,KE011,10077.75656865,Isiolo South,0.56242549,38.45268836,POINT (1107642.595503008 62449.40932875443),186.79021413563143,466.37583830226055,0.0,Isiolo,39
Jomvu,KE001002,Mombasa,KE001,31.72088431,Jomvu,-3.99029112,39.59541938,POINT (1233755.1782509154 -444002.9289697631),569.4105383956386,784.1027881331437,0.0,Mombasa,711
Juja,KE022113,Kiambu,KE022,373.44339725,Juja,-1.10267895,36.98784127,POINT (944026.0600234757 -122177.04001613121),156.80527454834774,358.36795768563485,0.0,Kiambu,1758
Kabete,KE022119,Kiambu,KE022,56.22026743,Kabete,-1.20975029,36.70030181,POINT (911947.9242510935 -133995.09829159337),167.60254722653335,338.68864779690324,0.0,Kiambu,1758
Kabondo Kasipul,KE043246,Homa Bay,KE043,246.91462395,Kabondo Kasipul,-0.44647545,34.87066339,POINT (708188.9573218548 -49375.452526575005),230.2889160228557,136.522820735758,0.0,Homa Bay,195
Kabuchai,KE039218,Bungoma,KE039,233.74377968,Kabuchai,0.69642243,34.59098842,POINT (677047.0878895042 77005.52460294159),249.96691426106432,36.47385599538112,0.0,Bungoma,75
Kacheliba,KE024131,West Pokot,KE024,4110.89768678,Kacheliba,1.97403415,35.18978224,POINT (743583.8630898121 218351.3521872205),257.90211900266684,180.46926293066696,0.0,West Pokot,175
Kaiti,KE017085,Makueni,KE017,404.28631666,Kaiti,-1.78797319,37.43728102,POINT (994015.9376875862 -198223.17450279565),242.0610033449963,442.8876000004945,0.0,Makueni,173
Kajiado Central,KE034184,Kajiado,KE034,4305.31694515,Kajiado Central,-2.17560315,36.81845272,POINT (924909.8196246268 -241008.7904288652),274.2469984551283,420.632217016151,0.0,Kajiado,528
Kajiado East,KE034186,Kajiado,KE034,3268.80370647,Kajiado East,-1.89226011,37.08644475,POINT (954860.233149955 -209688.66515650877),244.9819794252492,419.924688632996,0.0,Kajiado,528
Kajiado North,KE034183,Kajiado,KE034,112.40061641,Kajiado North,-1.36977364,36.67702212,POINT (909327.0043585813 -151715.73964419778),185.46426800726115,347.6058112694128,0.0,Kajiado,528
Kajiado South,KE034187,Kajiado,KE034,6338.6708758,Kajiado South,-2.68751233,37.46781998,POINT (997118.5635235879 -297963.25946623826),339.35498124392177,511.5968250302437,0.0,Kajiado,528
Kajiado West,KE034185,Kajiado,KE034,7859.64807,Kajiado West,-1.69597414,36.4460913,POINT (883529.2843481781 -187798.3180337903),224.5541691010612,353.4748026356873,0.0,Kajiado,528
Kaloleni,KE003013,Kilifi,KE003,668.30555634,Kaloleni,-3.77395542,39.51836377,POINT (1225331.5195162394 -419866.1639780745),544.6202547223392,762.0327572078149,0.0,Kilifi,248
Kamukunji,KE047288,Nairobi,KE047,8.8374547,Kamukunji,-1.27542116,36.85830597,POINT (929553.837833699 -141294.89113067876),174.6448537927859,357.1773047409841,0.0,Nairobi,6010
Kandara,KE021109,Murang'a,KE021,209.94400921,Kandara,-0.8811687,37.02618767,POINT (948332.6948489019 -97638.24690273101),133.27138897544847,349.62994016697377,0.0,Murang'a,102
Kanduyi,KE039220,Bungoma,KE039,319.17920434,Kanduyi,0.56198876,34.6089652,POINT (679052.6770648671 62141.32735195495),245.80471236037923,38.47043437852398,0.0,Bungoma,75
Kangema,KE021104,Murang'a,KE021,351.30774918,Kangema,-0.68734031,36.92093625,POINT (936613.9720784229 -76151.22088332812),110.2091279218327,329.3257860516441,0.0,Murang'a,102
Kangundo,KE016077,Machakos,KE016,171.00529495,Kangundo,-1.34306446,37.35793684,POINT (985267.6902478654 -148882.44401468194),192.41699149974383,407.4988732777144,0.0,Machakos,418
Kapenguria,KE024129,West Pokot,KE024,1776.11668449,Kapenguria,1.54965905,35.2120468,POINT (746117.4743980565 171412.83693849787),224.57701509292616,146.07343879207806,0.0,West Pokot,175
Kapseret,KE027145,Uasin Gishu,KE027,357.16168393,Kapseret,0.42121843,35.24651306,POINT (750038.4468920724 46593.35159937928),173.6278871974508,111.13437755522452,0.0,Uasin Gishu,115
Karachuonyo,KE043247,Homa Bay,KE043,747.80754396,Karachuonyo,-0.3709325,34.60309984,POINT (678404.5957999045 -41015.353130049436),255.76122948039645,116.71406755481638,0.0,Homa Bay,195
Kasarani,KE047280,Nairobi,KE047,136.27420691,Kasarani,-1.25200498,37.01355654,POINT (946870.1754204014 -138726.80101802357),173.58744428868184,369.8389481564105,0.0,Nairobi,6010
Kasipul,KE043245,Homa Bay,KE043,258.12024562,Kasipul,-0.50290539,34.71076635,POINT (690386.6560406699 -55611.12375325942),249.14389334985563,134.52861994061894,0.0,Homa Bay,195
Kathiani,KE016079,Machakos,KE016,206.01112188,Kathiani,-1.42083824,37.30890196,POINT (979781.4311020888 -157493.6199953126),198.95584430136515,407.61415548111785,0.0,Machakos,418
Keiyo North,KE028149,Elgeyo-Marakwet,KE028,541.85404119,Keiyo North,0.69656369,35.52263345,POINT (780776.6517759248 77066.43513221915),148.96982240638303,139.65129428226314,0.0,Elgeyo-Marakwet,48
Keiyo South,KE028150,Elgeyo-Marakwet,KE028,886.31159151,Keiyo South,0.37935425,35.57177296,POINT (786264.4913561231 41972.60765319999),137.16575455477758,147.56125271832596,0.0,Elgeyo-Marakwet,48
Kesses,KE027146,Uasin Gishu,KE027,670.76295615,Kesses,0.25870181,35.3437426,POINT (760870.4807592725 28618.4263354254),162.34661352099323,126.39398261364454,0.0,Uasin Gishu,115
Khwisero,KE037208,Kakamega,KE037,144.41635742,Khwisero,0.14643576,34.58160359,POINT (676014.8154517105 16191.76181246372),247.7235055242051,63.72970720795158,0.0,Kakamega,179
Kiambaa,KE022118,Kiambu,KE022,88.66467395,Kiambaa,-1.16474148,36.76059783,POINT (918676.9932075093 -129018.70666958459),162.3129647418903,341.1675743798888,0.0,Kiambu,1758
Kiambu,KE022117,Kiambu,KE022,97.99087486,Kiambu,-1.15775603,36.84683608,POINT (928293.5439214427 -128257.84281156158),161.57225744119782,348.5978183871815,0.0,Kiambu,1758
Kibra,KE047278,Nairobi,KE047,12.33031869,Kibra,-1.30420917,36.77970908,POINT (920785.8096891767 -144470.80234972085),177.71911986121657,352.0625518563001,0.0,Nairobi,6010
Kibwezi East,KE017088,Makueni,KE017,2219.57368501,Kibwezi East,-2.6562621,38.12533457,POINT (1070475.9014866499 -294783.78562826134),359.5819887713049,563.0147443769259,0.0,Makueni,173
Kibwezi West,KE017087,Makueni,KE017,1767.54482371,Kibwezi West,-2.31051689,37.8604169,POINT (1041057.5216006341 -256309.81587495533),312.62856790875924,515.7894595102393,0.0,Makueni,173
Kieni,KE019095,Nyeri,KE019,1814.09699634,Kieni,-0.2211318,37.12999022,POINT (959962.2716825723 -24505.774116501114),68.47443816493298,332.26032275169285,0.0,Nyeri,222
Kigumo,KE021107,Murang'a,KE021,316.24222482,Kigumo,-0.77438831,36.89892134,POINT (934150.3030263808 -85793.10643644349),119.53277965211696,331.52847168471834,0.0,Murang'a,102
Kiharu,KE021106,Murang'a,KE021,305.68805263,Kiharu,-0.71004561,37.1025049,POINT (956864.3247687896 -78684.37052279626),116.88436905568793,348.6691324991046,0.0,Murang'a,102
Kikuyu,KE022120,Kiambu,KE022,174.30738296,Kikuyu,-1.23320913,36.60227311,POINT (901016.3989730615 -136578.45654827924),171.24762291676964,331.61974375636896,0.0,Kiambu,1758
Kilgoris,KE033177,Narok,KE033,2538.86406698,Kilgoris,-1.22226519,34.8630572,POINT (707301.5137518846 -135169.14576520034),273.77063280912154,215.185069722361,0.0,Narok,132
Kilifi North,KE003011,Kilifi,KE003,784.42581887,Kilifi North,-3.49908557,39.86584541,POINT (1264412.178136246 -389564.44886686245),543.3379828752691,774.0283647201929,0.0,Kilifi,248
Kilifi South,KE003012,Kilifi,KE003,424.28402133,Kilifi South,-3.81279831,39.74954662,POINT (1251139.8155399382 -424387.4059578541),563.0207562135249,784.8257436088593,0.0,Kilifi,248
Kilimani,KE047275,Nairobi,KE047,29.35572497,Kilimani,-1.27685408,36.77420224,POINT (920176.3550379012 -141439.695585072),174.69760269052975,349.7411981552368,0.0,Nairobi,6010
Kilome,KE017084,Makueni,KE017,823.2692932,Kilome,-1.83249817,37.2651976,POINT (974809.396800797 -203112.73253179167),241.9248641467661,430.829145486121,0.0,Makueni,173
Kimilili,KE039223,Bungoma,KE039,177.41066899,Kimilili,0.78772906,34.72759935,POINT (692249.8256625521 87107.64072875252),237.1035873285295,53.83617931199668,0.0,Bungoma,75
Kiminini,KE026139,Trans Nzoia,KE026,368.62953475,Kiminini,0.93434081,34.99298996,POINT (721785.6013351474 103335.74386449865),213.21980240556695,87.22947968630868,0.0,Trans Nzoia,161
Kinango,KE002010,Kwale,KE002,4833.67523403,Kinango,-3.94523468,39.24002272,POINT (1194093.4684912455 -438682.23488393135),544.1627780239764,750.971873003279,0.0,Kwale,218
Kinangop,KE018089,Nyandarua,KE018,538.88433737,Kinangop,-0.73123187,36.62378975,POINT (903475.2645129842 -80986.1370785915),115.9011130580116,302.3503664566968,0.0,Nyandarua,91
Kipipiri,KE018090,Nyandarua,KE018,941.17643752,Kipipiri,-0.42284038,36.52797338,POINT (892814.437559659 -46825.9116267332),85.61365946065042,277.1555077176285,0.0,Nyandarua,91
Kipkelion East,KE035188,Kericho,KE035,752.44394006,Kipkelion East,-0.17450732,35.59262767,POINT (788592.3827845678 -19308.199773597422),144.45307701843294,172.05298439372967,0.0,Kericho,98
Kipkelion West,KE035189,Kericho,KE035,352.30309029,Kipkelion West,-0.15920727,35.40235119,POINT (767399.4029379166 -17612.77131434183),163.84128861662813,153.33106911960064,0.0,Kericho,98
Kirinyaga Central,KE020103,Kirinyaga,KE020,237.2704777,Kirinyaga Central,-0.28112234,37.27700091,POINT (976363.0048108406 -31159.827388353493),83.53349119170178,349.878678217602,0.0,Kirinyaga,24
Kisauni,KE001003,Mombasa,KE001,89.52658136,Kisauni,-3.98203278,39.70410654,POINT (1245909.196208466 -443182.37542206334),575.4508886463813,792.7947354186493,0.0,Mombasa,711
Kisumu Central,KE042240,Kisumu,KE042,68.31264884,Kisumu Central,-0.11789191,34.73959396,POINT (693602.7938576385 -13036.647238818887),234.16544122465032,97.8290351763704,0.0,Kisumu,313
Kisumu East,KE042238,Kisumu,KE042,165.45258825,Kisumu East,-0.08189361,34.82263552,POINT (702847.939292706 -9056.317266889562),224.32568633928304,99.90128383982288,0.0,Kisumu,313
Kisumu West,KE042239,Kisumu,KE042,312.35593278,Kisumu West,-0.08874889,34.66672394,POINT (685490.7627602853 -9813.59889155471),241.527645933784,90.9147873213624,0.0,Kisumu,313
Kitui Central,KE015072,Kitui,KE015,728.55883756,Kitui Central,-1.38671151,37.93739911,POINT (1049933.9199862257 -153848.09715337868),225.99326517245484,465.74169864426887,0.0,Kitui,302
Kitui East,KE015073,Kitui,KE015,4726.46461301,Kitui East,-1.40998427,38.50827869,POINT (1113700.4775671505 -156573.53533930748),268.9521649247444,523.75443016856,0.0,Kitui,302
Kitui Rural,KE015071,Kitui,KE015,1529.26512984,Kitui Rural,-1.48809957,37.8229772,POINT (1037134.9519829139 -165068.2364716482),228.72567703134504,460.1747587729457,0.0,Kitui,302
Kitui South,KE015074,Kitui,KE015,12719.43998277,Kitui South,-2.25352106,38.45811355,POINT (1107808.1484963829 -250224.07509732535),338.2983068257311,565.6228118244741,0.0,Kitui,302
Kitui West,KE015070,Kitui,KE015,630.34320095,Kitui West,-1.24036096,37.90169822,POINT (1045979.6138887546 -137603.85831304465),210.4087182175603,454.6450704210557,0.0,Kitui,302
Kitutu Chache North,KE045268,Kisii,KE045,130.43131621,Kitutu Chache North,-0.56406849,34.81191366,POINT (701644.7529009843 -62377.93315681628),241.26046546905647,145.15673388826124,0.0,Kisii,172
Kitutu Chache South,KE045269,Kisii,KE045,97.57301159,Kitutu Chache South,-0.61656293,34.75561621,POINT (695375.6675123612 -68180.97340923478),249.3321914086124,148.0522280507463,0.0,Kisii,172
Kitutu Masaba,KE046270,Nyamira,KE046,253.70038283,Kitutu Masaba,-0.68890394,34.9152784,POINT (713147.1868406846 -76187.46684626727),236.8006771118008,162.566036282394,0.0,Nyamira,114
Konoin,KE036198,Bomet,KE036,851.37474055,Konoin,-0.53784544,35.37821147,POINT (764700.3296847896 -59499.68945352566),183.59207191464745,178.61150407979324,0.0,Bomet,92
Kuresoi North,KE032171,Nakuru,KE032,611.46462477,Kuresoi North,-0.25038756,35.69399982,POINT (799883.145416734 -27706.177208367266),137.50862113438015,186.06444084367584,0.0,Nakuru,649
Kuresoi South,KE032170,Nakuru,KE032,524.93261627,Kuresoi South,-0.54404787,35.64349319,POINT (794246.5314519891 -60198.14242912963),159.20361767202485,200.6156707225454,0.0,Nakuru,649
Kuria East,KE044260,Migori,KE044,238.23967951,Kuria East,-1.24078602,34.65258686,POINT (683874.356241557 -137201.784713585),293.7710439070608,211.18433015927425,0.0,Migori,87
Kuria West,KE044259,Migori,KE044,341.80847209,Kuria West,-1.20280394,34.51742773,POINT (668834.6119481762 -132993.11011934446),303.822418573671,204.50337989616185,0.0,Migori,87
Kwanza,KE026136,Trans Nzoia,KE026,464.80596041,Kwanza,1.14000894,34.98291413,POINT (720649.6272692207 126081.39540571958),222.77324078047997,97.35082738474904,0.0,Trans Nzoia,161
Lafey,KE009044,Mandera,KE009,3543.55037513,Lafey,3.48641418,41.17057846,POINT (1410598.7175033505 389327.12579791027),603.6622494420383,833.0539092516316,0.0,Mandera,29
Lagdera,KE007029,Garissa,KE007,6453.81086357,Lagdera,0.50120998,39.22122974,POINT (1193614.0873883874 55729.17386903518),271.39657821287096,552.4671650858722,0.0,Garissa,66
Laikipia East,KE031164,Laikipia,KE031,3222.26016449,Laikipia East,0.3502711,36.50514369,POINT (890272.6304033576 38788.53452294034),33.34500679083012,250.8560093052402,0.0,Laikipia,104
Laikipia North,KE031165,Laikipia,KE031,4916.20032584,Laikipia North,0.42846094,37.08918117,POINT (955400.183684071 47479.49762758137),35.255522059584074,314.85942815851854,0.0,Laikipia,104
Laikipia West,KE031163,Laikipia,KE031,1398.45986962,Laikipia West,-0.07508303,36.76914131,POINT (919715.5753726782 -8317.041783196779),41.69143798397788,289.10521117063314,0.0,Laikipia,104
Laisamis,KE010048,Marsabit,KE010,24080.25900444,Laisamis,2.30403074,37.30292869,POINT (978875.6668359747 255389.94595778402),229.03947411074265,385.2805733313442,0.0,Marsabit,97
Lamu East,KE005021,Lamu,KE005,2153.48293493,Lamu East,-1.85565186,41.06191972,POINT (1399609.753251275 -207165.82751527577),533.6701671815418,807.2344261560299,0.0,Lamu,20
Lamu West,KE005022,Lamu,KE005,3893.53866231,Lamu West,-2.13176477,40.57036184,POINT (1344282.5392955109 -237709.1578696224),500.7601862318078,767.2179507648788,0.0,Lamu,20
Langata,KE047277,Nairobi,KE047,209.80909658,Langata,-1.36795212,36.81427782,POINT (924628.9861099627 -151537.9038364173),184.7763822437024,359.42628251078264,0.0,Nairobi,6010
Lari,KE022122,Kiambu,KE022,465.93739853,Lari,-0.91486224,36.64883462,POINT (906248.9330364543 -101326.6068634103),135.61662716525717,315.3085634154018,0.0,Kiambu,1758
Likoni,KE001005,Mombasa,KE001,52.07635363,Likoni,-4.10065341,39.64491,POINT (1239184.8043756285 -456328.78726582375),582.7069304022091,796.3004601777383,0.0,Mombasa,711
Likuyani,KE037200,Kakamega,KE037,301.2480612,Likuyani,0.76645887,35.10501219,POINT (734267.3798998552 84774.37086009748),195.79012196434735,94.16733298985712,0.0,Kakamega,179
Limuru,KE022121,Kiambu,KE022,284.96603698,Limuru,-1.14583211,36.64033253,POINT (905271.7875191902 -126906.76641850107),161.13439109002542,329.0962231707763,0.0,Kiambu,1758
Loima,KE023126,Turkana,KE023,9746.04173694,Loima,3.00930786,35.1116348,POINT (734703.4287945888 332849.1387301603),353.953057504295,279.2726052113031,0.0,Turkana,174
Luanda,KE038214,Vihiga,KE038,83.6174649,Luanda,0.0203111,34.59718573,POINT (677749.9495725035 2245.865253832561),247.35016074532916,76.61883232448434,0.0,Vihiga,112
Lugari,KE037199,Kakamega,KE037,367.77067673,Lugari,0.62087754,34.89963911,POINT (711408.931361952 68663.63735019528),214.68646958706825,70.0935230664892,0.0,Kakamega,179
Lunga Lunga,KE002008,Kwale,KE002,2018.80227785,Lunga Lunga,-4.4343217,39.10889721,POINT (1179026.9646083005 -492942.451484867),585.0917899883868,778.2273647423334,0.0,Kwale,218
Lurambi,KE037202,Kakamega,KE037,161.69211736,Lurambi,0.27300234,34.69449659,POINT (688580.5958109412 30188.253480982872),234.59066872211585,61.568360254759966,0.0,Kakamega,179
Maara,KE013061,Tharaka-Nithi,KE013,504.87742252,Maara,-0.2343772,37.65000227,POINT (1017997.3052570997 -25991.85270684302),111.817964582136,388.62784282591895,0.0,Tharaka-Nithi,59
Machakos Town,KE016081,Machakos,KE016,757.05682377,Machakos Town,-1.56862784,37.2550573,POINT (973743.0470689697 -173863.16479993574),213.1857113225544,412.071287741421,0.0,Machakos,418
Magarini,KE003017,Kilifi,KE003,6977.00857145,Magarini,-2.82928574,39.80753064,POINT (1258380.2183921984 -314955.46327944763),483.335488153283,727.1056764471144,0.0,Kilifi,248
Makadara,KE047287,Nairobi,KE047,11.99723439,Makadara,-1.29457182,36.86337877,POINT (930116.2525404467 -143417.3236735634),176.78714049581822,358.88730390813055,0.0,Nairobi,6010
Makueni,KE017086,Makueni,KE017,1979.75582989,Makueni,-1.95477062,37.6656393,POINT (1019445.6581746065 -216784.364023774),267.91982171102774,474.3654139528099,0.0,Makueni,173
Malava,KE037201,Kakamega,KE037,422.95850313,Malava,0.46962413,34.83729952,POINT (704473.8920673246 51934.466700000456),219.47587944411995,65.5896126433924,0.0,Kakamega,179
Malindi,KE003016,Kilifi,KE003,576.75761377,Malindi,-3.23196698,39.90335206,POINT (1268819.6440514498 -359854.1503019539),523.4535598769965,760.412824905417,0.0,Kilifi,248
Mandera East,KE009043,Mandera,KE009,2551.35587059,Mandera East,3.68396832,41.50129619,POINT (1447517.2618409933 411736.81456044747),646.7031029709619,875.7698281371901,0.0,Mandera,29
Mandera North,KE009041,Mandera,KE009,6129.76585199,Mandera North,3.60260564,40.64351088,POINT (1351387.851736704 401786.03434689733),564.9938221890956,783.9046854205417,0.0,Mandera,29
Mandera South,KE009042,Mandera,KE009,5541.34174917,Mandera South,2.72142878,40.74666943,POINT (1363685.9323545946 303587.0816180304),516.8772950440692,759.2991034958862,0.0,Mandera,29
Mandera West,KE009039,Mandera,KE009,5174.64427828,Mandera West,3.457671,40.05793672,POINT (1285940.5655554468 385111.9980003064),505.4058066803861,717.6685524358063,0.0,Mandera,29
Manyatta,KE014063,Embu,KE014,358.12934808,Manyatta,-0.37145568,37.44821558,POINT (995465.9860730546 -41181.89953401817),103.76365869629952,371.08176431269055,0.0,Embu,66
Maragwa,KE021108,Murang'a,KE021,461.98392841,Maragwa,-0.87824159,37.21574477,POINT (969478.5667868943 -97337.25965137691),138.54485526154588,368.2005320560221,0.0,Murang'a,102
Marakwet East,KE028147,Elgeyo-Marakwet,KE028,810.53666154,Marakwet East,1.13445213,35.5893243,POINT (788169.5580024257 125520.19670809912),163.51493287307997,157.11602373830132,0.0,Elgeyo-Marakwet,48
Marakwet West,KE028148,Elgeyo-Marakwet,KE028,769.68888941,Marakwet West,1.02338442,35.4147959,POINT (768743.8083261709 113216.04203626604),173.89391607725543,134.66299140495892,0.0,Elgeyo-Marakwet,48
Masinga,KE016075,Machakos,KE016,1406.42807994,Masinga,-0.94995884,37.60357685,POINT (1012748.3201510739 -105341.16664804766),165.0159664302016,410.584414689647,0.0,Machakos,418
Matayos,KE040228,Busia,KE040,193.92215246,Matayos,0.38958422,34.18067736,POINT (631386.1735073415 43069.97403030386),291.93113282902874,28.377605015938837,0.0,Busia,485
Mathare,KE047290,Nairobi,KE047,2.90283576,Mathare,-1.25594747,36.87049393,POINT (930916.0506531473 -139139.54709385245),172.5469075408242,357.0127037661711,0.0,Nairobi,6010
Mathioya,KE021105,Murang'a,KE021,279.71824441,Mathioya,-0.63596023,36.99642543,POINT (945038.2393666185 -70465.22777190463),105.98236856554352,334.47860932688343,0.0,Murang'a,102
Mathira,KE019096,Nyeri,KE019,457.95821894,Mathira,-0.35618234,37.15120684,POINT (962323.8799137705 -39473.11001364949),82.58686720284078,339.04289287432465,0.0,Nyeri,222
Matuga,KE002009,Kwale,KE002,1053.85208386,Matuga,-4.2386692,39.41383203,POINT (1213244.6518852161 -471468.8967976075),582.1319461050255,787.3411206670228,0.0,Kwale,218
Matungu,KE037206,Kakamega,KE037,277.81050403,Matungu,0.38386236,34.46705847,POINT (663261.196859999 42442.336261540324),260.0534461445855,34.951874817314035,0.0,Kakamega,179
Matungulu,KE016078,Machakos,KE016,581.41586151,Matungulu,-1.20644343,37.25313449,POINT (973600.8651924857 -133719.0663777503),174.40753062022554,389.574715454271,0.0,Machakos,418
Mavoko,KE016080,Machakos,KE016,842.567792,Mavoko,-1.44663084,37.03988071,POINT (949770.1235074236 -160297.32974824932),195.35192136724743,384.7289137137659,0.0,Machakos,418
Mbooni,KE017083,Makueni,KE017,980.42325517,Mbooni,-1.65030828,37.59865069,POINT (1012056.7138568757 -183001.93100959354),233.79797948020143,448.639668446645,0.0,Makueni,173
Mogotio,KE030161,Baringo,KE030,1387.78053879,Mogotio,0.16560213,35.94638496,POINT (828003.0858883527 18328.40368252299),96.30865435974356,193.6071250650797,0.0,Baringo,211
Moiben,KE027143,Uasin Gishu,KE027,775.85033114,Moiben,0.7242198,35.39789789,POINT (766883.2469712296 80118.71087122397),163.15048342027254,125.99644508654502,0.0,Uasin Gishu,115
Molo,KE032166,Nakuru,KE032,511.1366102,Molo,-0.36309787,35.78461781,POINT (809974.9291442116 -40180.99344984321),134.9017792534737,201.26299657268848,0.0,Nakuru,649
Mosop,KE029156,Nandi,KE029,584.29753449,Mosop,0.41785023,35.06701199,POINT (730050.845130555 46215.28616593568),193.53660588876835,91.7713696274538,0.0,Nandi,45
Moyale,KE010045,Marsabit,KE010,9343.76584728,Moyale,2.90294072,38.84777847,POINT (1151014.9175371802 322551.9014535994),368.27626460973926,568.9861792756092,0.0,Marsabit,97
Msambweni,KE002007,Kwale,KE002,359.69657845,Msambweni,-4.37313248,39.4868758,POINT (1221274.219143082 -486495.4649497184),599.1613982666768,803.5192868732855,0.0,Kwale,218
Mt. Elgon,KE039216,Bungoma,KE039,954.89942907,Mt. Elgon,0.95938854,34.60373552,POINT (678454.2087546529 106083.18494066485),255.31153781699567,52.019849223327206,0.0,Bungoma,75
Muhoroni,KE042243,Kisumu,KE042,664.18695354,Muhoroni,-0.12642964,35.08095019,POINT (731608.3630012411 -13983.558158271122),197.27681112732853,123.07043082947574,0.0,Kisumu,313
Mukurweni,KE019098,Nyeri,KE019,178.35896515,Mukurweni,-0.57824859,37.07222721,POINT (953498.4765119273 -64076.71875551027),101.93152746764132,339.6131262405738,0.0,Nyeri,222
Mumias East,KE037205,Kakamega,KE037,174.96988208,Mumias East,0.33585585,34.58233593,POINT (676093.902470518 37136.423008315054),247.08844914957592,47.60534920226969,0.0,Kakamega,179
Mumias West,KE037204,Kakamega,KE037,138.33548583,Mumias West,0.27806666,34.42600084,POINT (658692.8282866615 30744.308731996152),264.47038776805954,42.6084226762542,0.0,Kakamega,179
Mvita,KE001006,Mombasa,KE001,14.71895865,Mvita,-4.05270054,39.66104458,POINT (1241032.019486925 -451007.4267066138),579.255033437835,794.1895585500251,0.0,Mombasa,711
Mwala,KE016082,Machakos,KE016,1018.84002522,Mwala,-1.40123239,37.52209964,POINT (1003572.9883096748 -155365.3136912509),205.0287207884443,426.4480468443098,0.0,Machakos,418
Mwatate,KE006025,Taita Taveta,KE006,3691.54930728,Mwatate,-3.73418255,38.29150832,POINT (1088406.1846543117 -414518.6430592782),477.2737761092688,659.0177235031573,0.0,Taita Taveta,282
Mwea,KE020100,Kirinyaga,KE020,432.50622431,Mwea,-0.65464971,37.38374169,POINT (988248.7506794756 -72572.21996294329),124.22682703140065,374.9472130555669,0.0,Kirinyaga,24
Mwingi East,KE015069,Kitui,KE015,4244.86494968,Mwingi East,-0.92633766,38.4686501,POINT (1109376.5410653541 -102859.47977639349),230.6530043570702,498.8332781953072,0.0,Kitui,302
Mwingi North,KE015067,Kitui,KE015,4697.32084279,Mwingi North,-0.40655901,38.29181956,POINT (1089676.8347496872 -45130.63872204553),184.04205045628464,462.813781484627,0.0,Kitui,302
Mwingi West,KE015068,Kitui,KE015,1180.62622373,Mwingi West,-0.95405507,37.97976817,POINT (1054750.4079930591 -105854.02759854626),191.4767658222086,449.1378681858434,0.0,Kitui,302
Naivasha,KE032168,Nakuru,KE032,1721.77461041,Naivasha,-0.88111109,36.36367928,POINT (874465.8388726104 -97558.50509174385),139.5585908884519,286.9058352927336,0.0,Nakuru,649
Nakuru Town East,KE032176,Nakuru,KE032,157.40521503,Nakuru Town East,-0.37519787,36.12374515,POINT (847760.6933996894 -41532.76878344414),106.177358114477,234.4752736363552,0.0,Nakuru,649
Nakuru Town West,KE032175,Nakuru,KE032,139.89161718,Nakuru Town West,-0.36934787,36.06101985,POINT (840771.0652169413 -40882.76482483468),110.81345048351898,228.02968453248667,0.0,Nakuru,649
Nambale,KE040227,Busia,KE040,232.33592381,Nambale,0.50463793,34.35705247,POINT (651014.3585743934 55793.421608389915),273.07072596423353,16.910713308437664,0.0,Busia,485
Nandi Hills,KE029153,Nandi,KE029,393.07995608,Nandi Hills,0.12210157,35.24514002,POINT (749891.6982297258 13506.330199938391),174.37914757757196,122.22742858202923,0.0,Nandi,45
Narok East,KE033180,Narok,KE033,2046.7679606,Narok East,-1.1558466,36.13955862,POINT (849459.6194945839 -127949.2344285871),177.22886136896824,286.99658654758343,0.0,Narok,132
Narok North,KE033179,Narok,KE033,2723.42562322,Narok North,-0.84151264,35.95158797,POINT (828548.9215732773 -93136.86883764509),157.85716717886265,248.1002468423595,0.0,Narok,132
Narok South,KE033181,Narok,KE033,4831.42004724,Narok South,-1.35899454,35.76967649,POINT (808230.2796180483 -150386.80449321112),216.6170918324873,276.1792295786249,0.0,Narok,132
Narok West,KE033182,Narok,KE033,5446.62878001,Narok West,-1.32263917,35.32111825,POINT (758285.0507266249 -146312.4397924487),243.75676515283985,245.60243326129927,0.0,Narok,132
Navakholo,KE037203,Kakamega,KE037,257.41824212,Navakholo,0.38969336,34.65756123,POINT (684466.7310474745 43090.983713691654),238.88828392808784,50.664389507585774,0.0,Kakamega,179
Ndaragwa,KE018093,Nyandarua,KE018,874.08576967,Ndaragwa,-0.0801936,36.49023185,POINT (888617.0819036923 -8880.384866190368),54.46216883466319,259.464609626652,0.0,Nyandarua,91
Ndhiwa,KE043250,Homa Bay,KE043,695.40308063,Ndhiwa,-0.71250394,34.38417881,POINT (654027.6960019402 -78776.27372431305),291.5023307993511,148.9702477293124,0.0,Homa Bay,195
Ndia,KE020102,Kirinyaga,KE020,338.3891408,Ndia,-0.46760135,37.19901435,POINT (967651.2888362857 -51824.05226801651),95.99405971452732,348.20510990707294,0.0,Kirinyaga,24
Nithi,KE013060,Tharaka-Nithi,KE013,598.15907511,Nithi,-0.30065671,37.54491998,POINT (1006263.6465181652 -33337.13687965605),106.48546013758148,379.1948473908956,0.0,Tharaka-Nithi,59
Njoro,KE032167,Nakuru,KE032,782.5006151,Njoro,-0.49559787,35.95796931,POINT (829282.9635502654 -54852.03999452746),128.72529994930795,225.45562419387983,0.0,Nakuru,649
North Horr,KE010046,Marsabit,KE010,40557.27319193,North Horr,3.17623824,37.53880652,POINT (1004813.4097453039 352183.0015538347),329.238580255524,460.38024396909566,0.0,Marsabit,97
North Imenti,KE012056,Meru,KE012,301.98285266,North Imenti,0.04430047,37.69236184,POINT (1022730.8480190837 4913.111435065191),103.52794930206876,386.86360423121664,0.0,Meru,111
North Mugirango,KE046272,Nyamira,KE046,170.34844557,North Mugirango,-0.50303575,34.98241207,POINT (720628.6995422038 -55634.099142408384),221.1623251143488,148.27641765525337,0.0,Nyamira,114
Nyakach,KE042244,Kisumu,KE042,402.5355251,Nyakach,-0.31892162,34.90343142,POINT (711840.231563988 -35270.01679947225),222.1374825522648,126.4168785299119,0.0,Kisumu,313
Nyali,KE001004,Mombasa,KE001,22.80051151,Nyali,-4.03083999,39.70041579,POINT (1245452.092029491 -448610.92237372673),579.69890231935,795.970058681545,0.0,Mombasa,711
Nyando,KE042242,Kisumu,KE042,603.08903028,Nyando,-0.20671745,34.85598911,POINT (706560.1545620328 -22860.56392825242),223.73702254532012,113.2006716769716,0.0,Kisumu,313
Nyaribari Chache,KE045267,Kisii,KE045,135.95445101,Nyaribari Chache,-0.73667733,34.82169836,POINT (702727.152532771 -81466.47100912099),248.48092053075644,163.1168066188333,0.0,Kisii,172
Nyaribari Masaba,KE045266,Kisii,KE045,159.17225598,Nyaribari Masaba,-0.83555349,34.9276948,POINT (714522.2426072735 -92406.47190236933),243.5391972089492,177.82267812548716,0.0,Kisii,172
Nyatike,KE044258,Migori,KE044,1214.09404956,Nyatike,-0.92785394,34.13412083,POINT (626191.1085999291 -102576.05510149602),326.5416715633589,172.8906467881713,0.0,Migori,87
Nyeri Town,KE019099,Nyeri,KE019,169.19463615,Nyeri Town,-0.41686121,36.96974163,POINT (942077.4245650606 -46187.255500638625),81.64373290862754,322.2920243823048,0.0,Nyeri,222
Ol Jorok,KE018092,Nyandarua,KE018,625.3801669,Ol Jorok,-0.17835241,36.25865773,POINT (862802.2339393335 -19745.442431881198),80.30383002036623,238.84113641801628,0.0,Nyandarua,91
Ol Kalou,KE018091,Nyandarua,KE018,287.19919837,Ol Kalou,-0.30854661,36.35731184,POINT (873794.7668379105 -34162.70087448497),83.53568611788528,254.5991741815119,0.0,Nyandarua,91
Othaya,KE019097,Nyeri,KE019,356.44998757,Othaya,-0.55332604,36.83060449,POINT (926550.5997947623 -61297.02930777929),94.59069303648224,313.85120594044866,0.0,Nyeri,222
Pokot South,KE024132,West Pokot,KE024,1267.74716967,Pokot South,1.33881199,35.29046562,POINT (754870.6424408345 148098.29751519836),203.74637561198176,138.01145363731453,0.0,West Pokot,175
Rabai,KE003014,Kilifi,KE003,233.9353371,Rabai,-3.88552252,39.62677311,POINT (1237351.9143759394 -432372.88886062265),561.703069623589,779.2813291114571,0.0,Kilifi,248
Rangwe,KE043248,Homa Bay,KE043,290.7323395,Rangwe,-0.51317306,34.56974441,POINT (674688.2908125275 -56742.49393386613),264.25268942854274,130.7235480524925,0.0,Homa Bay,195
Rarieda,KE041237,Siaya,KE041,679.163389,Rarieda,-0.24595225,34.35461642,POINT (650747.6511766841 -27192.765938190147),279.02523885246404,97.30152130887735,0.0,Siaya,615
Rongai,KE032173,Nakuru,KE032,1021.44930788,Rongai,-0.06004787,36.02804676,POINT (837103.6272266149 -6646.436222335226),94.83972504654729,210.12288993234048,0.0,Nakuru,649
Rongo,KE044253,Migori,KE044,212.57939756,Rongo,-0.81635394,34.59807532,POINT (677831.0479032253 -90267.04096910534),274.65302396313785,164.0326844928589,0.0,Migori,87
Roysambu,KE047279,Nairobi,KE047,48.10435805,Roysambu,-1.20801234,36.87854203,POINT (931821.1931100516 -133830.3490380631),167.28772449460448,354.6749243219831,0.0,Nairobi,6010
Ruaraka,KE047281,Nairobi,KE047,7.17967253,Ruaraka,-1.24575497,36.87807589,POINT (931763.1458785755 -138011.61864883677),171.46058693961746,357.04297402034376,0.0,Nairobi,6010
Ruiru,KE022115,Kiambu,KE022,153.11843811,Ruiru,-1.19431299,37.01984706,POINT (947581.3099418315 -132335.3314885842),167.36052567769295,366.8693123115799,0.0,Kiambu,1758
Runyenjes,KE014064,Embu,KE014,371.82964798,Runyenjes,-0.33590178,37.49483774,POINT (1000671.6146193531 -37242.55728701681),104.76693329293649,374.9108616753088,0.0,Embu,66
Sabatia,KE038212,Vihiga,KE038,111.48944961,Sabatia,0.11495373,34.7488733,POINT (694635.8519320335 12711.802418365412),229.43519375069343,78.00269655867932,0.0,Vihiga,112
Saboti,KE026138,Trans Nzoia,KE026,354.81144585,Saboti,0.94905981,34.81755753,POINT (702255.2220647649 104952.87017097813),232.2476511652252,70.42032584676157,0.0,Trans Nzoia,161
Saku,KE010047,Marsabit,KE010,2046.53834899,Saku,2.37631428,37.94960236,POINT (1050984.3409070116 263644.2762916492),263.49722261262707,453.2728265323769,0.0,Marsabit,97
Samburu East,KE025135,Samburu,KE025,10059.12548055,Samburu East,1.10915464,37.53498951,POINT (1005067.6684103023 122982.59902719328),121.51265122630112,367.6341736707777,0.0,Samburu,38
Samburu North,KE025134,Samburu,KE025,8480.79535328,Samburu North,1.70482952,36.93109476,POINT (937585.2474871145 188882.57726652647),156.3178080307039,319.35532124578845,0.0,Samburu,38
Samburu West,KE025133,Samburu,KE025,2475.74881153,Samburu West,1.09058576,36.60470481,POINT (901307.6414267954 120783.15558152711),90.23446908928136,264.9657008118817,0.0,Samburu,38
Seme,KE042241,Kisumu,KE042,449.10336962,Seme,-0.15725807,34.50600502,POINT (667599.4555430142 -17387.788782436925),260.51731921590147,90.91901731310016,0.0,Kisumu,313
Shinyalu,KE037209,Kakamega,KE037,408.33667337,Shinyalu,0.28862331,34.87303738,POINT (708456.9191239995 31918.71907551773),214.69861140504585,77.01160291162896,0.0,Kakamega,179
Siakago,KE014066,Embu,KE014,770.40198798,Siakago,-0.50362115,37.79062065,POINT (1033681.9749179591 -55861.74128262269),141.96753194230155,411.9460605975833,0.0,Embu,66
Sigor,KE024130,West Pokot,KE024,2150.74853342,Sigor,1.57603801,35.58475392,POINT (787608.3995870327 174378.51297129493),195.6888135030192,179.9094713879649,0.0,West Pokot,175
Sigowet/Soin,KE035193,Kericho,KE035,464.38327966,Sigowet/Soin,-0.32563141,35.09416551,POINT (733076.6985720596 -36016.27485007198),202.29640826969563,139.9445206657238,0.0,Kericho,98
Sirisia,KE039217,Bungoma,KE039,210.14298645,Sirisia,0.73702666,34.49508725,POINT (666371.1090098745 81491.56226875463),261.27591690102423,27.70621211271467,0.0,Bungoma,75
Sotik,KE036194,Bomet,KE036,475.53823377,Sotik,-0.76531307,35.1444925,POINT (738663.2645598792 -84649.81761472565),218.93416930287927,182.43916464042803,0.0,Bomet,92
South Imenti,KE012059,Meru,KE012,661.7099844,South Imenti,-0.11711022,37.61606659,POINT (1014211.9031129726 -12986.60644538906),102.11859533707808,381.93665869996295,0.0,Meru,111
South Mugirango,KE045262,Kisii,KE045,207.4239243,South Mugirango,-0.8367771,34.65109554,POINT (683731.7244526262 -92527.74683985919),270.4394415457348,167.63221151234782,0.0,Kisii,172
Soy,KE027141,Uasin Gishu,KE027,655.44441581,Soy,0.73619222,35.22785238,POINT (747946.7518817708 81433.36559065401),181.7141270777064,107.27338755306252,0.0,Uasin Gishu,115
Starehe,KE047289,Nairobi,KE047,16.83635222,Starehe,-1.28990184,36.82862377,POINT (926241.8754541491 -142894.1009039507),176.15378234751924,355.4639560375747,0.0,Nairobi,6010
Suba North,KE043251,Homa Bay,KE043,1050.86783277,Suba North,-0.50475394,34.32193803,POINT (647106.0733956888 -55805.44275446054),290.04973928145665,125.5898709836394,0.0,Homa Bay,195
Suba South,KE043252,Homa Bay,KE043,1173.04812285,Suba South,-0.65110394,34.10718108,POINT (623201.3494886557 -71980.10784950675),317.86759335717045,142.78582970641975,0.0,Homa Bay,195
Subukia,KE032172,Nakuru,KE032,454.25502196,Subukia,0.02495213,36.22202038,POINT (858720.5575385098 2762.3561645644),71.27258731503805,227.4556854291476,0.0,Nakuru,649
Suna East,KE044255,Migori,KE044,206.68162545,Suna East,-1.06605394,34.52460603,POINT (669641.4529606923 -117873.12741000485),295.1275680624358,189.6505653142566,0.0,Migori,87
Suna West,KE044256,Migori,KE044,284.15681995,Suna West,-1.09155394,34.36813577,POINT (652226.3691370483 -120684.2817411438),311.5940144552221,190.6475429464462,0.0,Migori,87
Tarbaj,KE008035,Wajir,KE008,7544.37103586,Tarbaj,2.37922878,40.25136576,POINT (1308372.5223301123 265110.03495166445),449.6247170072867,695.0971698574906,0.0,Wajir,233
Taveta,KE006023,Taita Taveta,KE006,4007.26942629,Taveta,-3.43898577,37.85891485,POINT (1040356.1879979814 -381492.7482095944),430.9687078318102,602.2946424852588,0.0,Taita Taveta,282
Teso North,KE040225,Busia,KE040,254.07397094,Teso North,0.68056666,34.34379695,POINT (649534.2762888111 75243.93132193404),276.8236716393674,9.93550897106038,0.0,Busia,485
Teso South,KE040226,Busia,KE040,304.31938202,Teso South,0.53850794,34.23401264,POINT (637319.3729785583 59535.224981917585),287.0397888481963,10.879177903736108,0.0,Busia,485
Tetu,KE019094,Nyeri,KE019,358.51357373,Tetu,-0.45314156,36.82206294,POINT (925604.5581188452 -50198.16364480108),83.46678971187866,308.5129340932227,0.0,Nyeri,222
Tharaka,KE013062,Tharaka-Nithi,KE013,1477.94740177,Tharaka,-0.17970192,37.99640617,POINT (1056682.9462056663 -19938.73721014442),143.72832844355509,424.9126563694765,0.0,Tharaka-Nithi,59
Thika Town,KE022114,Kiambu,KE022,219.10537687,Thika Town,-1.05555442,37.1770449,POINT (965136.8763201309 -116983.37574584282),155.97308008679008,373.7489735581975,0.0,Kiambu,1758
Tiaty,KE030157,Baringo,KE030,4446.5018539,Tiaty,1.14390103,35.95054449,POINT (828402.7792387559 126604.52414297825),133.02497370297326,195.5575735287744,0.0,Baringo,211
Tigania East,KE012055,Meru,KE012,833.31638887,Tigania East,0.26986134,37.78319389,POINT (1032867.327732599 29932.735734028),109.765429365619,393.5543322628697,0.0,Meru,111
Tigania West,KE012054,Meru,KE012,391.49200242,Tigania West,0.17129208,37.74363395,POINT (1028453.4785465265 18998.4364177287),106.25965880211048,390.430786846315,0.0,Meru,111
Tinderet,KE029151,Nandi,KE029,541.6892369,Tinderet,-0.00821077,35.26049585,POINT (751602.3099091572 -908.2483257416008),174.91347507784386,130.92096554738586,0.0,Nandi,45
Tongaren,KE039224,Bungoma,KE039,375.43925894,Tongaren,0.77756929,34.93479758,POINT (715316.022145001 85994.17257423855),214.4280223057374,75.77700588858977,0.0,Bungoma,75
Turbo,KE027142,Uasin Gishu,KE027,435.05778745,Turbo,0.60069578,35.09846371,POINT (733546.2839925957 66439.80992324746),192.49120131053945,92.27981399527737,0.0,Uasin Gishu,115
Turkana Central,KE023125,Turkana,KE023,6615.80675614,Turkana Central,3.13173735,35.85090782,POINT (816894.9419502176 346585.52099429106),330.87842086412115,327.89992128910427,0.0,Turkana,174
Turkana East,KE023128,Turkana,KE023,11183.87105938,Turkana East,1.87194966,36.14241538,POINT (849662.9421262362 207220.88454833083),188.87165695076385,249.66221038100457,0.0,Turkana,174
Turkana North,KE023123,Turkana,KE023,20482.24260698,Turkana North,4.3760376,35.55307763,POINT (783364.2559853207 484175.0307734527),472.1118280799208,438.1848021302754,0.0,Turkana,174
Turkana South,KE023127,Turkana,KE023,7419.5486756,Turkana South,2.37789917,35.70025917,POINT (800325.7956226871 263124.60925721156),260.6463222613734,250.4277506999046,0.0,Turkana,174
Turkana West,KE023124,Turkana,KE023,14684.24807286,Turkana West,4.05175781,34.59598106,POINT (677174.6611032898 448022.85624334845),482.2401796213648,380.0664571140397,0.0,Turkana,174
Ugenya,KE041232,Siaya,KE041,321.05934445,Ugenya,0.21731754,34.20464567,POINT (634055.8878655392 24025.46467050524),289.2421991915343,46.2007324110317,0.0,Siaya,615
Ugunja,KE041233,Siaya,KE041,199.17755302,Ugunja,0.2070586,34.3402606,POINT (649150.175374228 22892.50268385332),274.1963687332561,47.40937245655393,0.0,Siaya,615
Uriri,KE044257,Migori,KE044,383.77929731,Uriri,-0.94320394,34.43487188,POINT (659660.6193133008 -104285.38431129331),297.2181653686796,174.9006011148592,0.0,Migori,87
Vihiga,KE038211,Vihiga,KE038,89.52488194,Vihiga,0.03155753,34.69029154,POINT (688114.5727325256 3489.583898624543),236.91139140977373,81.03621157486411,0.0,Vihiga,112
Voi,KE006026,Taita Taveta,KE006,8581.29248601,Voi,-3.33802243,38.79424364,POINT (1144767.5072491074 -370859.21290162165),460.8728893638855,668.9592049772413,0.0,Taita Taveta,282
Wajir East,KE008034,Wajir,KE008,4279.58031917,Wajir East,2.00619507,40.7082978,POINT (1359827.166949199 223779.88625456335),476.4387769935582,734.8501940684328,0.0,Wajir,233
Wajir North,KE008033,Wajir,KE008,10398.86500056,Wajir North,2.98934392,39.75345509,POINT (1252220.7512763832 332735.44297785056),444.9590266434902,665.1392086423601,0.0,Wajir,233
Wajir South,KE008038,Wajir,KE008,21580.6221263,Wajir South,0.96433624,40.23985783,POINT (1307667.074163518 107450.53748265433),391.6127235654975,667.4159589841291,0.0,Wajir,233
Wajir West,KE008036,Wajir,KE008,8124.32104518,Wajir West,1.64850455,39.67596986,POINT (1244257.4459688787 183461.46945944423),354.5105691969092,613.5825072567987,0.0,Wajir,233
Webuye East,KE039221,Bungoma,KE039,163.95550759,Webuye East,0.65294909,34.79716654,POINT (699999.7518491605 72206.27809561232),226.52959446930925,58.73299078623294,0.0,Bungoma,75
Webuye West,KE039222,Bungoma,KE039,236.07019054,Webuye West,0.59749675,34.71666272,POINT (691040.0344660818 66071.21849897616),234.4229383310186,49.8463915625892,0.0,Bungoma,75
West Mugirango,KE046271,Nyamira,KE046,179.82221119,West Mugirango,-0.57212475,34.91133369,POINT (712712.7672431514 -63272.43344101723),231.5117288158236,150.88166464576608,0.0,Nyamira,114
Westlands,KE047274,Nairobi,KE047,72.70426971,Westlands,-1.23206086,36.79537519,POINT (922544.1778457027 -136481.20960554414),169.71486764310887,348.6778889260856,0.0,Nairobi,6010
Wundanyi,KE006024,Taita Taveta,KE006,850.95271696,Wundanyi,-3.29923698,38.26943486,POINT (1086217.8647073891 -366223.5859191232),431.4578281606556,622.83129150225,0.0,Taita Taveta,282
Yatta,KE016076,Machakos,KE016,1060.93373705,Yatta,-1.2419429,37.58482105,POINT (1010605.123251253 -137715.7354324749),192.01942086464445,423.5218922998726,0.0,Machakos,418
